,market,candle_date_time_utc,candle_date_time_kst,opening_price,high_price,low_price,trade_price,timestamp,candle_acc_trade_price,candle_acc_trade_volume,prev_closing_price,change_price,change_rate
0,KRW-MANA,2022-12-05,2022-12-05T09:00:00,547.0,573.0,546.0,564.0,1670284796769,12051065230.90834,21451178.90074979,548.0,16.0,0.0291970803
1,KRW-MANA,2022-12-06,2022-12-06T09:00:00,564.0,569.0,551.0,557.0,1670371172379,6180998240.85582,11031491.36080592,564.0,-7.0,-0.0124113475
2,KRW-MANA,2022-12-07,2022-12-07T09:00:00,557.0,561.0,518.0,527.0,1670457518584,5684096832.080268,10565851.58167196,557.0,-30.0,-0.0538599641
3,KRW-MANA,2022-12-08,2022-12-08T09:00:00,529.0,538.0,521.0,532.0,1670543951551,3233841324.8154187,6091092.57448531,527.0,5.0,0.009487666
4,KRW-MANA,2022-12-09,2022-12-09T09:00:00,532.0,535.0,525.0,528.0,1670630396303,2353321785.4848385,4442037.64819605,532.0,-4.0,-0.007518797
5,KRW-MANA,2022-12-10,2022-12-10T09:00:00,529.0,540.0,526.0,536.0,1670716785225,2025267712.1888707,3815623.34935801,528.0,8.0,0.0151515152
6,KRW-MANA,2022-12-11,2022-12-11T09:00:00,536.0,537.0,519.0,520.0,1670803189007,1826839981.9592094,3456145.90203539,536.0,-16.0,-0.0298507463
7,KRW-MANA,2022-12-12,2022-12-12T09:00:00,520.0,521.0,496.0,510.0,1670889534988,3595265941.882607,7094953.81398217,520.0,-10.0,-0.0192307692
8,KRW-MANA,2022-12-13,2022-12-13T09:00:00,510.0,518.0,483.0,510.0,1670975991155,4263627611.1421876,8492684.59190834,510.0,,0.0
9,KRW-MANA,2022-12-14,2022-12-14T09:00:00,511.0,514.0,498.0,500.0,1671062381629,2582047996.0908456,5074641.00264862,510.0,-10.0,-0.0196078431
10,KRW-MANA,2022-12-15,2022-12-15T09:00:00,500.0,503.0,487.0,496.0,1671148649602,2477811547.4673853,4997803.28035638,500.0,-4.0,-0.008
11,KRW-MANA,2022-12-16,2022-12-16T09:00:00,497.0,499.0,447.0,453.0,1671235194683,3796317615.876588,7997856.64498371,496.0,-43.0,-0.0866935484
12,KRW-MANA,2022-12-17,2022-12-17T09:00:00,454.0,455.0,429.0,443.0,1671321573582,3306188433.2548857,7489873.77436941,453.0,-10.0,-0.0220750552
13,KRW-MANA,2022-12-18,2022-12-18T09:00:00,443.0,444.0,424.0,432.0,1671407833274,1808012442.5101588,4171114.97475688,443.0,-11.0,-0.0248306998
14,KRW-MANA,2022-12-19,2022-12-19T09:00:00,431.0,438.0,391.0,399.0,1671494398367,3200283617.6808877,7669076.03107778,432.0,-33.0,-0.0763888889
15,KRW-MANA,2022-12-20,2022-12-20T09:00:00,399.0,418.0,396.0,409.0,1671580798782,1702608449.140211,4153008.54845458,399.0,10.0,0.0250626566
16,KRW-MANA,2022-12-21,2022-12-21T09:00:00,409.0,411.0,395.0,399.0,1671667196960,2031402156.0438788,5064424.32524273,409.0,-10.0,-0.0244498778
17,KRW-MANA,2022-12-22,2022-12-22T09:00:00,399.0,408.0,391.0,406.0,1671753594056,2818664484.6151357,7054781.00094195,399.0,7.0,0.0175438596
18,KRW-MANA,2022-12-23,2022-12-23T09:00:00,406.0,441.0,402.0,435.0,1671839991555,5672216937.828662,13278537.72538272,406.0,29.0,0.0714285714
19,KRW-MANA,2022-12-24,2022-12-24T09:00:00,435.0,439.0,424.0,426.0,1671926390165,3991645538.870912,9269942.23034114,435.0,-9.0,-0.0206896552
20,KRW-MANA,2022-12-25,2022-12-25T09:00:00,426.0,438.0,421.0,424.0,1672012716224,4795936429.573038,11185177.63062819,426.0,-2.0,-0.0046948357
21,KRW-MANA,2022-12-26,2022-12-26T09:00:00,424.0,432.0,417.0,423.0,1672099103526,3545997875.3904996,8348889.31046661,424.0,-1.0,-0.0023584906
22,KRW-MANA,2022-12-27,2022-12-27T09:00:00,423.0,424.0,403.0,410.0,1672185563980,2448371278.3351192,5916662.97607136,423.0,-13.0,-0.0307328605
23,KRW-MANA,2022-12-28,2022-12-28T09:00:00,410.0,412.0,385.0,389.0,1672271957945,2535575206.1063275,6401533.7537356,410.0,-21.0,-0.0512195122
24,KRW-MANA,2022-12-29,2022-12-29T09:00:00,390.0,390.0,367.0,376.0,1672358395613,2161318830.7040167,5694741.88289168,389.0,-13.0,-0.0334190231
25,KRW-MANA,2022-12-30,2022-12-30T09:00:00,377.0,377.0,360.0,371.0,1672444608376,1971343322.715723,5355561.18233884,376.0,-5.0,-0.0132978723
26,KRW-MANA,2022-12-31,2022-12-31T09:00:00,372.0,381.0,369.0,379.0,1672531176424,1675899590.367425,4455615.40877784,371.0,8.0,0.0215633423
27,KRW-MANA,2023-01-01,2023-01-01T09:00:00,379.0,384.0,371.0,383.0,1672617505019,1039166362.6234896,2760010.06243733,379.0,4.0,0.0105540897
28,KRW-MANA,2023-01-02,2023-01-02T09:00:00,383.0,398.0,377.0,394.0,1672703988496,2536567030.0518665,6487659.81157877,383.0,11.0,0.0287206266
29,KRW-MANA,2023-01-03,2023-01-03T09:00:00,395.0,399.0,391.0,396.0,1672790357065,1687544301.7830951,4264883.81977228,394.0,2.0,0.0050761421
30,KRW-MANA,2023-01-04,2023-01-04T09:00:00,396.0,421.0,395.0,413.0,1672876794175,7018900878.412074,17026337.5961078,396.0,17.0,0.0429292929
31,KRW-MANA,2023-01-05,2023-01-05T09:00:00,414.0,429.0,406.0,412.0,1672963151482,7826620822.173013,18762398.05286897,413.0,-1.0,-0.0024213075
32,KRW-MANA,2023-01-06,2023-01-06T09:00:00,412.0,420.0,394.0,417.0,1673049578132,3236768472.9798937,7997332.47405213,412.0,5.0,0.0121359223
33,KRW-MANA,2023-01-07,2023-01-07T09:00:00,417.0,463.0,414.0,447.0,1673135999241,20573608991.272835,46272198.07508513,417.0,30.0,0.071942446
34,KRW-MANA,2023-01-08,2023-01-08T09:00:00,446.0,498.0,432.0,478.0,1673222394863,18436048786.293694,40157578.75293021,447.0,31.0,0.0693512304
35,KRW-MANA,2023-01-09,2023-01-09T09:00:00,478.0,545.0,474.0,496.0,1673308799424,33607506503.60133,66110382.98554934,478.0,18.0,0.0376569038
36,KRW-MANA,2023-01-10,2023-01-10T09:00:00,496.0,528.0,493.0,506.0,1673395198479,11276497222.421078,22289907.39172916,496.0,10.0,0.0201612903
37,KRW-MANA,2023-01-11,2023-01-11T09:00:00,506.0,510.0,479.0,507.0,1673481580561,7483442394.684613,15146739.42019658,506.0,1.0,0.0019762846
38,KRW-MANA,2023-01-12,2023-01-12T09:00:00,507.0,524.0,491.0,517.0,1673567977198,10699008898.727829,21019942.88531297,507.0,10.0,0.0197238659
39,KRW-MANA,2023-01-13,2023-01-13T09:00:00,517.0,683.0,507.0,663.0,1673654399745,88840886002.53255,147838935.0196043,517.0,146.0,0.2823984526
40,KRW-MANA,2023-01-14,2023-01-14T09:00:00,663.0,793.0,657.0,734.0,1673740799966,221665079572.33472,305303411.02680475,663.0,71.0,0.1070889894
41,KRW-MANA,2023-01-15,2023-01-15T09:00:00,734.0,900.0,681.0,865.0,1673827197322,179207174910.41687,223095195.64438966,734.0,131.0,0.1784741144
42,KRW-MANA,2023-01-16,2023-01-16T09:00:00,865.0,924.0,830.0,870.0,1673913597303,159972433672.93298,183387093.91400686,865.0,5.0,0.0057803468
43,KRW-MANA,2023-01-17,2023-01-17T09:00:00,870.0,939.0,840.0,854.0,1673999998970,118988740650.74057,132569215.10282017,870.0,-16.0,-0.0183908046
44,KRW-MANA,2023-01-18,2023-01-18T09:00:00,854.0,893.0,784.0,791.0,1674086399318,72994887725.71712,86391933.81547967,854.0,-63.0,-0.0737704918
45,KRW-MANA,2023-01-19,2023-01-19T09:00:00,790.0,847.0,778.0,805.0,1674172798465,35940478520.90923,44159140.4816652,791.0,14.0,0.017699115
46,KRW-MANA,2023-01-20,2023-01-20T09:00:00,805.0,926.0,767.0,904.0,1674259199969,60487827835.78502,71332393.88213044,805.0,99.0,0.1229813665
47,KRW-MANA,2023-01-21,2023-01-21T09:00:00,905.0,973.0,888.0,892.0,1674345598525,135677784795.95491,146276151.11601177,904.0,-12.0,-0.0132743363
48,KRW-MANA,2023-01-22,2023-01-22T09:00:00,892.0,946.0,863.0,908.0,1674431993661,103606530739.9709,112730150.48209184,892.0,16.0,0.0179372197
49,KRW-MANA,2023-01-23,2023-01-23T09:00:00,908.0,936.0,879.0,904.0,1674518399124,55356523615.93207,60843322.17107146,908.0,-4.0,-0.0044052863
50,KRW-MANA,2023-01-24,2023-01-24T09:00:00,904.0,931.0,810.0,831.0,1674604793534,44415231801.41722,49885892.64054557,904.0,-73.0,-0.0807522124
51,KRW-MANA,2023-01-25,2023-01-25T09:00:00,830.0,888.0,794.0,859.0,1674691195588,34056821988.717037,40873068.9936722,831.0,28.0,0.0336943442
52,KRW-MANA,2023-01-26,2023-01-26T09:00:00,859.0,876.0,828.0,852.0,1674777597739,19799799200.4461,23148150.88718157,859.0,-7.0,-0.0081490105
53,KRW-MANA,2023-01-27,2023-01-27T09:00:00,854.0,867.0,817.0,854.0,1674863985313,15399454632.087431,18390263.91781946,852.0,2.0,0.0023474178
54,KRW-MANA,2023-01-28,2023-01-28T09:00:00,854.0,924.0,853.0,876.0,1674950394118,71344892268.59262,79730050.17310515,854.0,22.0,0.0257611241
55,KRW-MANA,2023-01-29,2023-01-29T09:00:00,876.0,1015.0,861.0,1015.0,1675036799902,195125272365.50705,202614918.80548865,876.0,139.0,0.1586757991
56,KRW-MANA,2023-01-30,2023-01-30T09:00:00,1010.0,1025.0,895.0,949.0,1675123198464,106037400534.55966,109991236.213323,1015.0,-66.0,-0.0650246305
57,KRW-MANA,2023-01-31,2023-01-31T09:00:00,947.0,953.0,902.0,941.0,1675209599839,50379173883.411385,54377184.49557098,949.0,-8.0,-0.0084299262
58,KRW-MANA,2023-02-01,2023-02-01T09:00:00,941.0,1015.0,890.0,1005.0,1675295999456,81913625571.87682,86448896.0558899,941.0,64.0,0.0680127524
59,KRW-MANA,2023-02-02,2023-02-02T09:00:00,1005.0,1055.0,975.0,989.0,1675382396198,48748044749.984184,48782650.87963793,1005.0,-16.0,-0.015920398
60,KRW-MANA,2023-02-03,2023-02-03T09:00:00,989.0,998.0,962.0,991.0,1675468793899,36766052096.52136,37454392.50522647,989.0,2.0,0.0020222447
61,KRW-MANA,2023-02-04,2023-02-04T09:00:00,991.0,1020.0,977.0,984.0,1675555199757,21315632417.160316,21496107.60215753,991.0,-7.0,-0.0070635721
62,KRW-MANA,2023-02-05,2023-02-05T09:00:00,985.0,991.0,909.0,927.0,1675641599996,39945754623.369736,42222418.51774845,984.0,-57.0,-0.0579268293
63,KRW-MANA,2023-02-06,2023-02-06T09:00:00,927.0,942.0,897.0,910.0,1675727987393,27609096654.48536,30039984.58364069,927.0,-17.0,-0.0183387271
64,KRW-MANA,2023-02-07,2023-02-07T09:00:00,910.0,1040.0,908.0,1025.0,1675814398993,57978724751.18314,59643139.44728787,910.0,115.0,0.1263736264
65,KRW-MANA,2023-02-08,2023-02-08T09:00:00,1025.0,1045.0,941.0,980.0,1675900797372,47809812051.97645,48078560.76345403,1025.0,-45.0,-0.043902439
66,KRW-MANA,2023-02-09,2023-02-09T09:00:00,981.0,985.0,869.0,877.0,1675987198465,40227382963.909584,43431349.15654566,980.0,-103.0,-0.1051020408
67,KRW-MANA,2023-02-10,2023-02-10T09:00:00,876.0,929.0,852.0,897.0,1676073577902,29973363352.71937,33786291.00927779,877.0,20.0,0.0228050171
68,KRW-MANA,2023-02-11,2023-02-11T09:00:00,897.0,904.0,882.0,902.0,1676159996292,12395104885.42604,13879868.85525452,897.0,5.0,0.005574136
69,KRW-MANA,2023-02-12,2023-02-12T09:00:00,902.0,902.0,851.0,858.0,1676246375298,14481901030.407566,16398123.5493957,902.0,-44.0,-0.0487804878
70,KRW-MANA,2023-02-13,2023-02-13T09:00:00,859.0,863.0,800.0,839.0,1676332795051,21943046369.05721,26492617.09476896,858.0,-19.0,-0.0221445221
71,KRW-MANA,2023-02-14,2023-02-14T09:00:00,839.0,899.0,808.0,877.0,1676419199234,35836268436.0407,41884007.45785529,839.0,38.0,0.0452920143
72,KRW-MANA,2023-02-15,2023-02-15T09:00:00,877.0,938.0,856.0,935.0,1676505598253,33379323521.060425,37584551.09878019,877.0,58.0,0.0661345496
73,KRW-MANA,2023-02-16,2023-02-16T09:00:00,935.0,966.0,873.0,880.0,1676591998108,64147754237.942154,68484557.28055453,935.0,-55.0,-0.0588235294
74,KRW-MANA,2023-02-17,2023-02-17T09:00:00,880.0,938.0,874.0,922.0,1676678395927,28230271306.55807,30985671.8568872,880.0,42.0,0.0477272727
75,KRW-MANA,2023-02-18,2023-02-18T09:00:00,922.0,950.0,911.0,922.0,1676764797012,22075141949.117683,23691984.12771876,922.0,,0.0
76,KRW-MANA,2023-02-19,2023-02-19T09:00:00,923.0,972.0,913.0,929.0,1676851199526,35047508126.8705,37294492.13745783,922.0,7.0,0.0075921909
77,KRW-MANA,2023-02-20,2023-02-20T09:00:00,929.0,979.0,896.0,956.0,1676937597171,60657850144.51004,63771223.24673728,929.0,27.0,0.0290635091
78,KRW-MANA,2023-02-21,2023-02-21T09:00:00,955.0,962.0,903.0,917.0,1677023999080,35049817685.92572,37435345.34219192,956.0,-39.0,-0.0407949791
79,KRW-MANA,2023-02-22,2023-02-22T09:00:00,917.0,920.0,880.0,917.0,1677110399002,21188003806.36577,23569997.9390803,917.0,,0.0
80,KRW-MANA,2023-02-23,2023-02-23T09:00:00,918.0,936.0,896.0,922.0,1677196798931,26430678995.93669,28742837.14506922,917.0,5.0,0.0054525627
81,KRW-MANA,2023-02-24,2023-02-24T09:00:00,922.0,924.0,871.0,891.0,1677283198351,20447895743.354496,22760062.83373806,922.0,-31.0,-0.0336225597
82,KRW-MANA,2023-02-25,2023-02-25T09:00:00,890.0,893.0,832.0,869.0,1677369599773,12645511817.215668,14547074.6056268,891.0,-22.0,-0.024691358
83,KRW-MANA,2023-02-26,2023-02-26T09:00:00,869.0,886.0,855.0,881.0,1677455992829,7135664606.087862,8196269.86317842,869.0,12.0,0.0138089758
84,KRW-MANA,2023-02-27,2023-02-27T09:00:00,882.0,892.0,853.0,871.0,1677542399011,11325604840.38088,13001765.95913646,881.0,-10.0,-0.0113507378
85,KRW-MANA,2023-02-28,2023-02-28T09:00:00,871.0,877.0,835.0,842.0,1677628780975,9847587880.132162,11453079.05430809,871.0,-29.0,-0.0332950631
86,KRW-MANA,2023-03-01,2023-03-01T09:00:00,841.0,874.0,829.0,867.0,1677715171788,10623075172.63246,12410960.06208094,842.0,25.0,0.0296912114
87,KRW-MANA,2023-03-02,2023-03-02T09:00:00,866.0,869.0,829.0,847.0,1677801586070,7958579889.159949,9440379.75489205,867.0,-20.0,-0.0230680507
88,KRW-MANA,2023-03-03,2023-03-03T09:00:00,846.0,847.0,772.0,800.0,1677887987400,12561305175.637947,15807150.07026567,847.0,-47.0,-0.0554899646
89,KRW-MANA,2023-03-04,2023-03-04T09:00:00,799.0,819.0,757.0,773.0,1677974387165,7629108714.028247,9675349.53433411,800.0,-27.0,-0.03375
90,KRW-MANA,2023-03-05,2023-03-05T09:00:00,772.0,790.0,764.0,771.0,1678060761884,5387797074.367058,6940936.26986444,773.0,-2.0,-0.0025873221
91,KRW-MANA,2023-03-06,2023-03-06T09:00:00,772.0,833.0,751.0,811.0,1678147200034,40194046593.205605,49915879.72072301,771.0,40.0,0.0518806744
92,KRW-MANA,2023-03-07,2023-03-07T09:00:00,811.0,825.0,765.0,786.0,1678233556813,21052159249.49943,26363193.02419501,811.0,-25.0,-0.0308261406
93,KRW-MANA,2023-03-08,2023-03-08T09:00:00,786.0,789.0,722.0,732.0,1678319991928,11135843092.758982,14775001.6077584,786.0,-54.0,-0.0687022901
94,KRW-MANA,2023-03-09,2023-03-09T09:00:00,732.0,756.0,687.0,701.0,1678406385509,12126412182.689758,16764220.55854604,732.0,-31.0,-0.0423497268
95,KRW-MANA,2023-03-10,2023-03-10T09:00:00,701.0,718.0,660.0,716.0,1678492775502,13482365378.584894,19557729.67027093,701.0,15.0,0.0213980029
96,KRW-MANA,2023-03-11,2023-03-11T09:00:00,714.0,745.0,675.0,704.0,1678579198811,9495712181.163033,13464607.17438023,716.0,-12.0,-0.0167597765
97,KRW-MANA,2023-03-12,2023-03-12T09:00:00,702.0,756.0,680.0,755.0,1678665599204,8473971483.146394,11758386.98289161,704.0,51.0,0.0724431818
98,KRW-MANA,2023-03-13,2023-03-13T09:00:00,755.0,793.0,723.0,784.0,1678751994548,19841879471.447155,26111824.66390041,755.0,29.0,0.038410596
99,KRW-MANA,2023-03-14,2023-03-14T09:00:00,783.0,841.0,754.0,804.0,1678838398474,27013076000.94819,33797455.65278713,784.0,20.0,0.0255102041
100,KRW-MANA,2023-03-15,2023-03-15T09:00:00,805.0,820.0,730.0,747.0,1678924795653,20362214001.221615,26161751.68295554,804.0,-57.0,-0.0708955224
101,KRW-MANA,2023-03-16,2023-03-16T09:00:00,747.0,767.0,732.0,764.0,1679011169228,9725054930.721926,12989579.81617602,747.0,17.0,0.0227576975
102,KRW-MANA,2023-03-17,2023-03-17T09:00:00,763.0,859.0,754.0,850.0,1679097599950,25237707673.179253,31152139.61076941,764.0,86.0,0.112565445
103,KRW-MANA,2023-03-18,2023-03-18T09:00:00,850.0,898.0,823.0,825.0,1679183995756,38047053367.314156,44062697.56792888,850.0,-25.0,-0.0294117647
104,KRW-MANA,2023-03-19,2023-03-19T09:00:00,828.0,887.0,827.0,844.0,1679270398579,27164677468.889473,31780938.01416071,825.0,19.0,0.023030303
105,KRW-MANA,2023-03-20,2023-03-20T09:00:00,844.0,864.0,799.0,806.0,1679356799942,21458403575.15897,25770705.20792073,844.0,-38.0,-0.0450236967
106,KRW-MANA,2023-03-21,2023-03-21T09:00:00,805.0,824.0,772.0,817.0,1679443187260,16094926148.66147,19995376.23978845,806.0,11.0,0.0136476427
107,KRW-MANA,2023-03-22,2023-03-22T09:00:00,817.0,823.0,764.0,775.0,1679529596436,14318478411.960419,18025798.39500303,817.0,-42.0,-0.0514075887
108,KRW-MANA,2023-03-23,2023-03-23T09:00:00,775.0,814.0,761.0,809.0,1679615969945,10122782552.64752,12833289.31463626,775.0,34.0,0.0438709677
109,KRW-MANA,2023-03-24,2023-03-24T09:00:00,809.0,813.0,776.0,786.0,1679702376167,6868445680.261957,8628266.26461971,809.0,-23.0,-0.0284301607
110,KRW-MANA,2023-03-25,2023-03-25T09:00:00,785.0,797.0,770.0,776.0,1679788778067,4375729470.560398,5583439.7398001,786.0,-10.0,-0.0127226463
111,KRW-MANA,2023-03-26,2023-03-26T09:00:00,776.0,792.0,771.0,784.0,1679875196457,3081417932.009201,3938173.66069678,776.0,8.0,0.0103092784
112,KRW-MANA,2023-03-27,2023-03-27T09:00:00,784.0,788.0,728.0,750.0,1679961594315,7353281863.484267,9693121.22324052,784.0,-34.0,-0.0433673469
113,KRW-MANA,2023-03-28,2023-03-28T09:00:00,749.0,765.0,732.0,761.0,1680047952664,6230734943.03623,8351212.10946009,750.0,11.0,0.0146666667
114,KRW-MANA,2023-03-29,2023-03-29T09:00:00,761.0,803.0,759.0,790.0,1680134371602,12894210961.75778,16389251.94158121,761.0,29.0,0.038107753
115,KRW-MANA,2023-03-30,2023-03-30T09:00:00,790.0,799.0,756.0,766.0,1680220793882,8894504826.151594,11464364.72205709,790.0,-24.0,-0.0303797468
116,KRW-MANA,2023-03-31,2023-03-31T09:00:00,767.0,780.0,748.0,776.0,1680307180617,7010698462.949891,9184280.38594682,766.0,10.0,0.0130548303
117,KRW-MANA,2023-04-01,2023-04-01T09:00:00,776.0,789.0,774.0,788.0,1680393594667,5049882334.317276,6478891.69479598,776.0,12.0,0.0154639175
118,KRW-MANA,2023-04-02,2023-04-02T09:00:00,789.0,822.0,776.0,796.0,1680479998514,17651626694.02736,21996657.70419847,788.0,8.0,0.0101522843
119,KRW-MANA,2023-04-03,2023-04-03T09:00:00,795.0,838.0,758.0,780.0,1680566398479,28137965411.71689,35165494.6759484,796.0,-16.0,-0.0201005025
120,KRW-MANA,2023-04-04,2023-04-04T09:00:00,780.0,801.0,771.0,789.0,1680652761587,7908324685.6219015,10073035.89681457,780.0,9.0,0.0115384615
121,KRW-MANA,2023-04-05,2023-04-05T09:00:00,789.0,830.0,782.0,814.0,1680739192267,12193698233.122015,15234265.54343781,789.0,25.0,0.0316856781
122,KRW-MANA,2023-04-06,2023-04-06T09:00:00,813.0,832.0,785.0,795.0,1680825599968,11942050304.311113,14918387.33511352,814.0,-19.0,-0.0233415233
123,KRW-MANA,2023-04-07,2023-04-07T09:00:00,795.0,833.0,790.0,810.0,1680911986972,35164652517.98173,43377343.81932199,795.0,15.0,0.0188679245
124,KRW-MANA,2023-04-08,2023-04-08T09:00:00,810.0,810.0,792.0,796.0,1680998399291,6981176588.239695,8712226.70047552,810.0,-14.0,-0.0172839506
125,KRW-MANA,2023-04-09,2023-04-09T09:00:00,796.0,800.0,777.0,791.0,1681084766263,5243299044.150427,6657382.61263207,796.0,-5.0,-0.006281407
126,KRW-MANA,2023-04-10,2023-04-10T09:00:00,791.0,807.0,780.0,805.0,1681171196375,5486899038.099971,6935681.12798479,791.0,14.0,0.017699115
127,KRW-MANA,2023-04-11,2023-04-11T09:00:00,805.0,817.0,799.0,806.0,1681257534202,7353380524.706694,9094403.9086955,805.0,1.0,0.001242236
128,KRW-MANA,2023-04-12,2023-04-12T09:00:00,805.0,813.0,776.0,807.0,1681343990186,10483798798.776724,13231228.04283766,806.0,1.0,0.0012406948
129,KRW-MANA,2023-04-13,2023-04-13T09:00:00,808.0,813.0,794.0,810.0,1681430379067,5918519068.719547,7348295.23769829,807.0,3.0,0.0037174721
130,KRW-MANA,2023-04-14,2023-04-14T09:00:00,810.0,850.0,807.0,836.0,1681516772107,19760265991.293163,23741620.74581844,810.0,26.0,0.0320987654
131,KRW-MANA,2023-04-15,2023-04-15T09:00:00,836.0,849.0,824.0,839.0,1681603171447,10402884875.272448,12454118.47020201,836.0,3.0,0.0035885167
132,KRW-MANA,2023-04-16,2023-04-16T09:00:00,839.0,850.0,828.0,840.0,1681689598642,7407974040.817891,8841681.46188019,839.0,1.0,0.0011918951
133,KRW-MANA,2023-04-17,2023-04-17T09:00:00,840.0,919.0,824.0,913.0,1681775999888,97985438233.0956,111985839.68465188,840.0,73.0,0.0869047619
134,KRW-MANA,2023-04-18,2023-04-18T09:00:00,913.0,925.0,877.0,895.0,1681862398474,77019202929.87682,85869776.5604866,913.0,-18.0,-0.0197152245
135,KRW-MANA,2023-04-19,2023-04-19T09:00:00,896.0,897.0,806.0,821.0,1681948799616,39694673746.606964,46838812.7495177,895.0,-74.0,-0.0826815642
136,KRW-MANA,2023-04-20,2023-04-20T09:00:00,820.0,827.0,776.0,787.0,1682035198182,24176872640.81151,30010518.73672659,821.0,-34.0,-0.0414129111
137,KRW-MANA,2023-04-21,2023-04-21T09:00:00,787.0,793.0,740.0,751.0,1682121597246,15305543251.744059,19838077.13522448,787.0,-36.0,-0.0457433291
138,KRW-MANA,2023-04-22,2023-04-22T09:00:00,751.0,766.0,740.0,765.0,1682207990901,7683935945.207333,10219449.517122,751.0,14.0,0.0186418109
139,KRW-MANA,2023-04-23,2023-04-23T09:00:00,765.0,765.0,742.0,747.0,1682294381649,4258404981.247288,5650520.00333277,765.0,-18.0,-0.0235294118
140,KRW-MANA,2023-04-24,2023-04-24T09:00:00,747.0,757.0,727.0,743.0,1682380668081,7045806433.33653,9482988.42941284,747.0,-4.0,-0.0053547523
141,KRW-MANA,2023-04-25,2023-04-25T09:00:00,742.0,757.0,713.0,750.0,1682467189605,7099079919.712057,9717819.34271049,743.0,7.0,0.0094212651
142,KRW-MANA,2023-04-26,2023-04-26T09:00:00,751.0,766.0,700.0,724.0,1682553586727,11913327111.187265,16073122.42928547,750.0,-26.0,-0.0346666667
143,KRW-MANA,2023-04-27,2023-04-27T09:00:00,725.0,749.0,720.0,742.0,1682639967530,6805934581.517463,9268393.21217286,724.0,18.0,0.0248618785
144,KRW-MANA,2023-04-28,2023-04-28T09:00:00,741.0,744.0,722.0,735.0,1682726349556,3651793234.412879,4970378.28763101,742.0,-7.0,-0.0094339623
145,KRW-MANA,2023-04-29,2023-04-29T09:00:00,734.0,741.0,730.0,739.0,1682812799907,2194261722.9780655,2977926.59469521,735.0,4.0,0.0054421769
146,KRW-MANA,2023-04-30,2023-04-30T09:00:00,739.0,740.0,722.0,728.0,1682899188245,2392676441.9925213,3266231.76086799,739.0,-11.0,-0.0148849797
147,KRW-MANA,2023-05-01,2023-05-01T09:00:00,728.0,744.0,697.0,709.0,1682985597127,7307369996.865756,10142287.08781053,728.0,-19.0,-0.0260989011
148,KRW-MANA,2023-05-02,2023-05-02T09:00:00,709.0,715.0,699.0,712.0,1683071950767,3012489702.21053,4264233.03415375,709.0,3.0,0.0042313117
149,KRW-MANA,2023-05-03,2023-05-03T09:00:00,712.0,730.0,693.0,724.0,1683158399359,4225998106.4499245,5954754.11358689,712.0,12.0,0.0168539326
150,KRW-MANA,2023-05-04,2023-05-04T09:00:00,725.0,726.0,712.0,712.0,1683244756795,2091378805.224608,2910114.51561232,724.0,-12.0,-0.0165745856
151,KRW-MANA,2023-05-05,2023-05-05T09:00:00,712.0,718.0,703.0,714.0,1683331171373,2603742563.300441,3656896.67648618,712.0,2.0,0.0028089888
152,KRW-MANA,2023-05-06,2023-05-06T09:00:00,716.0,719.0,680.0,692.0,1683417504932,4432867891.401866,6349201.67845588,714.0,-22.0,-0.0308123249
153,KRW-MANA,2023-05-07,2023-05-07T09:00:00,692.0,694.0,660.0,682.0,1683503980646,3345392028.868927,4889870.19867011,692.0,-10.0,-0.0144508671
154,KRW-MANA,2023-05-08,2023-05-08T09:00:00,680.0,684.0,621.0,637.0,1683590376548,6596429172.076541,10145611.36395095,682.0,-45.0,-0.0659824047
155,KRW-MANA,2023-05-09,2023-05-09T09:00:00,634.0,644.0,623.0,628.0,1683676778009,4770218727.304013,7541286.8264313,637.0,-9.0,-0.0141287284
156,KRW-MANA,2023-05-10,2023-05-10T09:00:00,629.0,645.0,614.0,640.0,1683763127412,5482026479.497888,8707089.08659911,628.0,12.0,0.0191082803
157,KRW-MANA,2023-05-11,2023-05-11T09:00:00,640.0,640.0,604.0,608.0,1683849585152,3715268716.695213,6002606.17728701,640.0,-32.0,-0.05
158,KRW-MANA,2023-05-12,2023-05-12T09:00:00,609.0,618.0,591.0,618.0,1683935952647,4431836559.565327,7354053.5279715,608.0,10.0,0.0164473684
159,KRW-MANA,2023-05-13,2023-05-13T09:00:00,618.0,618.0,608.0,613.0,1684021922239,1184099771.7770674,1928760.89717282,618.0,-5.0,-0.0080906149
160,KRW-MANA,2023-05-14,2023-05-14T09:00:00,613.0,624.0,606.0,618.0,1684108792899,1348191832.4047585,2191492.25382306,613.0,5.0,0.0081566069
161,KRW-MANA,2023-05-15,2023-05-15T09:00:00,618.0,640.0,610.0,629.0,1684195184774,3202265902.3083906,5105607.45872514,618.0,11.0,0.0177993528
162,KRW-MANA,2023-05-16,2023-05-16T09:00:00,630.0,652.0,623.0,650.0,1684281598037,4667334862.306486,7331893.25908912,629.0,21.0,0.0333863275
163,KRW-MANA,2023-05-17,2023-05-17T09:00:00,651.0,711.0,646.0,681.0,1684367990481,47967683363.96814,69208983.91733944,650.0,31.0,0.0476923077
164,KRW-MANA,2023-05-18,2023-05-18T09:00:00,682.0,691.0,657.0,677.0,1684454398860,6702039575.94655,9863910.22392546,681.0,-4.0,-0.0058737151
165,KRW-MANA,2023-05-19,2023-05-19T09:00:00,677.0,684.0,659.0,661.0,1684540771772,4082110487.428427,6117631.928539,677.0,-16.0,-0.023633678
166,KRW-MANA,2023-05-20,2023-05-20T09:00:00,660.0,664.0,648.0,659.0,1684627193458,2264262370.608759,3460206.21659954,661.0,-2.0,-0.0030257186
167,KRW-MANA,2023-05-21,2023-05-21T09:00:00,658.0,660.0,642.0,644.0,1684713591358,2823599729.14578,4336667.58982908,659.0,-15.0,-0.0227617602
168,KRW-MANA,2023-05-22,2023-05-22T09:00:00,646.0,647.0,628.0,642.0,1684799951723,2218001512.6792173,3469651.22511609,644.0,-2.0,-0.0031055901
169,KRW-MANA,2023-05-23,2023-05-23T09:00:00,642.0,654.0,634.0,639.0,1684886340416,2570736891.559821,3998225.82325824,642.0,-3.0,-0.0046728972
170,KRW-MANA,2023-05-24,2023-05-24T09:00:00,639.0,639.0,605.0,612.0,1684972797932,3333093091.108649,5381146.64088844,639.0,-27.0,-0.0422535211
171,KRW-MANA,2023-05-25,2023-05-25T09:00:00,612.0,635.0,595.0,625.0,1685059168380,7339451757.649935,11830733.92603609,612.0,13.0,0.0212418301
172,KRW-MANA,2023-05-26,2023-05-26T09:00:00,625.0,629.0,612.0,623.0,1685145588092,2583739264.5317583,4165128.26107532,625.0,-2.0,-0.0032
173,KRW-MANA,2023-05-27,2023-05-27T09:00:00,623.0,633.0,618.0,631.0,1685231939510,1412014006.429345,2257473.91086615,623.0,8.0,0.0128410915
174,KRW-MANA,2023-05-28,2023-05-28T09:00:00,632.0,659.0,630.0,650.0,1685318361603,6297172297.834021,9758911.08400715,631.0,19.0,0.030110935
175,KRW-MANA,2023-05-29,2023-05-29T09:00:00,650.0,654.0,633.0,637.0,1685404761799,4365630896.46946,6793519.80833281,650.0,-13.0,-0.02
176,KRW-MANA,2023-05-30,2023-05-30T09:00:00,637.0,647.0,634.0,639.0,1685491171433,3571569387.2878404,5581546.58039225,637.0,2.0,0.0031397174
177,KRW-MANA,2023-05-31,2023-05-31T09:00:00,639.0,647.0,613.0,618.0,1685577585719,3946120679.3896384,6297889.16332372,639.0,-21.0,-0.0328638498
178,KRW-MANA,2023-06-01,2023-06-01T09:00:00,618.0,642.0,612.0,631.0,1685663984393,5756742125.747533,9174741.07431777,618.0,13.0,0.0210355987
179,KRW-MANA,2023-06-02,2023-06-02T09:00:00,631.0,646.0,621.0,642.0,1685750389564,3215910106.099294,5054809.81129433,631.0,11.0,0.0174326466
180,KRW-MANA,2023-06-03,2023-06-03T09:00:00,642.0,649.0,635.0,645.0,1685836749971,2189538953.7109795,3409505.3038769,642.0,3.0,0.0046728972
181,KRW-MANA,2023-06-04,2023-06-04T09:00:00,644.0,685.0,638.0,667.0,1685923195663,5342689861.231772,8052199.91760805,645.0,22.0,0.0341085271
182,KRW-MANA,2023-06-05,2023-06-05T09:00:00,667.0,704.0,598.0,611.0,1686009566826,21395216505.818665,32441242.56517366,667.0,-56.0,-0.083958021
183,KRW-MANA,2023-06-06,2023-06-06T09:00:00,611.0,620.0,570.0,608.0,1686095998527,12851553924.04403,21502773.72219331,611.0,-3.0,-0.0049099836
184,KRW-MANA,2023-06-07,2023-06-07T09:00:00,607.0,608.0,550.0,558.0,1686182398054,10650415850.282381,18467104.09303171,608.0,-50.0,-0.0822368421
185,KRW-MANA,2023-06-08,2023-06-08T09:00:00,557.0,561.0,539.0,551.0,1686268785157,4938541209.423343,8987188.46829593,558.0,-7.0,-0.0125448029
186,KRW-MANA,2023-06-09,2023-06-09T09:00:00,551.0,558.0,529.0,534.0,1686355198084,3873111044.246729,7106183.65672804,551.0,-17.0,-0.0308529946
187,KRW-MANA,2023-06-10,2023-06-10T09:00:00,533.0,534.0,421.0,459.0,1686441593707,12076616497.567484,26080862.48539502,534.0,-75.0,-0.1404494382
188,KRW-MANA,2023-06-11,2023-06-11T09:00:00,459.0,463.0,447.0,451.0,1686527974115,2705180478.612449,5939887.81520685,459.0,-8.0,-0.0174291939
189,KRW-MANA,2023-06-12,2023-06-12T09:00:00,451.0,455.0,436.0,451.0,1686614375927,3110663611.946763,6971766.42901512,451.0,,0.0
190,KRW-MANA,2023-06-13,2023-06-13T09:00:00,451.0,468.0,443.0,447.0,1686700799974,3625971175.6532097,7982550.00038288,451.0,-4.0,-0.0088691796
191,KRW-MANA,2023-06-14,2023-06-14T09:00:00,447.0,458.0,428.0,438.0,1686787152155,3104786969.085495,6999917.6871619,447.0,-9.0,-0.0201342282
192,KRW-MANA,2023-06-15,2023-06-15T09:00:00,438.0,441.0,422.0,435.0,1686873568658,2910448942.7735014,6718552.25630024,438.0,-3.0,-0.0068493151
193,KRW-MANA,2023-06-16,2023-06-16T09:00:00,436.0,448.0,428.0,440.0,1686959966229,1988460561.3534315,4547999.56569453,435.0,5.0,0.0114942529
194,KRW-MANA,2023-06-17,2023-06-17T09:00:00,440.0,456.0,438.0,447.0,1687046287230,1760802912.0684552,3927668.40186175,440.0,7.0,0.0159090909
195,KRW-MANA,2023-06-18,2023-06-18T09:00:00,448.0,451.0,438.0,441.0,1687132793129,1378413269.0893703,3102395.92712199,447.0,-6.0,-0.0134228188
196,KRW-MANA,2023-06-19,2023-06-19T09:00:00,440.0,448.0,435.0,443.0,1687219135215,1530680773.9970653,3476360.36765087,441.0,2.0,0.0045351474
197,KRW-MANA,2023-06-20,2023-06-20T09:00:00,443.0,459.0,434.0,459.0,1687305577135,2795231196.9132557,6263342.28105583,443.0,16.0,0.0361173815
198,KRW-MANA,2023-06-21,2023-06-21T09:00:00,459.0,491.0,455.0,486.0,1687391974773,8604355925.876612,18018868.05391825,459.0,27.0,0.0588235294
199,KRW-MANA,2023-06-22,2023-06-22T09:00:00,486.0,512.0,480.0,482.0,1687478366607,6373453848.596048,12880950.43305213,486.0,-4.0,-0.0082304527
200,KRW-MANA,2023-06-23,2023-06-23T09:00:00,481.0,522.0,481.0,517.0,1687564792471,9058182956.51799,17984121.02382862,482.0,35.0,0.0726141079
201,KRW-MANA,2023-06-24,2023-06-24T09:00:00,516.0,578.0,509.0,536.0,1687651197079,26409880730.187656,49245489.35963352,517.0,19.0,0.0367504836
202,KRW-MANA,2023-06-25,2023-06-25T09:00:00,536.0,551.0,516.0,519.0,1687737589046,12186114664.637033,22726188.9765262,536.0,-17.0,-0.0317164179
203,KRW-MANA,2023-06-26,2023-06-26T09:00:00,519.0,523.0,492.0,501.0,1687823994637,6916239912.912533,13661013.74759525,519.0,-18.0,-0.0346820809
204,KRW-MANA,2023-06-27,2023-06-27T09:00:00,500.0,520.0,499.0,515.0,1687910398823,4941158529.147776,9654500.00000746,501.0,14.0,0.0279441118
205,KRW-MANA,2023-06-28,2023-06-28T09:00:00,515.0,516.0,475.0,479.0,1687996792130,4469232597.080531,9087311.29971723,515.0,-36.0,-0.0699029126
206,KRW-MANA,2023-06-29,2023-06-29T09:00:00,479.0,497.0,477.0,492.0,1688082941212,3633347086.7437773,7430900.82148566,479.0,13.0,0.0271398747
207,KRW-MANA,2023-06-30,2023-06-30T09:00:00,491.0,520.0,477.0,514.0,1688169577903,10082473369.943058,20033097.5130515,492.0,22.0,0.0447154472
208,KRW-MANA,2023-07-01,2023-07-01T09:00:00,513.0,567.0,508.0,560.0,1688255997239,34480078456.27676,63585102.86720428,514.0,46.0,0.0894941634
209,KRW-MANA,2023-07-02,2023-07-02T09:00:00,560.0,560.0,525.0,539.0,1688342397836,12163379507.430252,22624462.92786496,560.0,-21.0,-0.0375
210,KRW-MANA,2023-07-03,2023-07-03T09:00:00,539.0,545.0,529.0,539.0,1688428787572,5171407399.473115,9607329.35849483,539.0,,0.0
211,KRW-MANA,2023-07-04,2023-07-04T09:00:00,540.0,551.0,519.0,523.0,1688515146469,7110829454.942457,13279182.98645027,539.0,-16.0,-0.0296846011
212,KRW-MANA,2023-07-05,2023-07-05T09:00:00,524.0,532.0,500.0,510.0,1688601578759,6108246636.735936,11845135.31963184,523.0,-13.0,-0.0248565966
213,KRW-MANA,2023-07-06,2023-07-06T09:00:00,510.0,530.0,495.0,496.0,1688687993909,4788058874.055423,9377246.1734136,510.0,-14.0,-0.0274509804
214,KRW-MANA,2023-07-07,2023-07-07T09:00:00,497.0,507.0,492.0,507.0,1688774257693,2039653322.7595353,4079121.3810726,496.0,11.0,0.0221774194
215,KRW-MANA,2023-07-08,2023-07-08T09:00:00,506.0,516.0,501.0,514.0,1688860779139,2114992101.2980263,4148600.4778847,507.0,7.0,0.0138067061
216,KRW-MANA,2023-07-09,2023-07-09T09:00:00,514.0,516.0,501.0,502.0,1688947177043,1696290544.356631,3341079.16085979,514.0,-12.0,-0.0233463035
217,KRW-MANA,2023-07-10,2023-07-10T09:00:00,503.0,516.0,489.0,506.0,1689033569771,3332156557.689475,6677848.09816159,502.0,4.0,0.0079681275
218,KRW-MANA,2023-07-11,2023-07-11T09:00:00,506.0,516.0,501.0,513.0,1689119977611,3016929027.47167,5924747.07824596,506.0,7.0,0.0138339921
219,KRW-MANA,2023-07-12,2023-07-12T09:00:00,514.0,524.0,507.0,517.0,1689206378470,4911519489.759315,9508795.24737528,513.0,4.0,0.007797271
220,KRW-MANA,2023-07-13,2023-07-13T09:00:00,516.0,565.0,501.0,563.0,1689292799485,20889348058.88866,38928943.58867228,517.0,46.0,0.0889748549
221,KRW-MANA,2023-07-14,2023-07-14T09:00:00,563.0,570.0,517.0,533.0,1689379194792,16219655354.760347,29505885.01632047,563.0,-30.0,-0.053285968
222,KRW-MANA,2023-07-15,2023-07-15T09:00:00,534.0,544.0,519.0,538.0,1689465573910,6624504449.19137,12450210.82118794,533.0,5.0,0.009380863
223,KRW-MANA,2023-07-16,2023-07-16T09:00:00,537.0,548.0,522.0,524.0,1689551998863,5715679208.578375,10679460.4719143,538.0,-14.0,-0.0260223048
224,KRW-MANA,2023-07-17,2023-07-17T09:00:00,524.0,540.0,518.0,537.0,1689638395350,7633904147.907302,14428480.81385575,524.0,13.0,0.0248091603
225,KRW-MANA,2023-07-18,2023-07-18T09:00:00,536.0,547.0,509.0,514.0,1689724792151,7197168903.447985,13722260.49932951,537.0,-23.0,-0.04283054
226,KRW-MANA,2023-07-19,2023-07-19T09:00:00,515.0,525.0,510.0,512.0,1689811190894,3978824947.414353,7707104.6279712,514.0,-2.0,-0.0038910506
227,KRW-MANA,2023-07-20,2023-07-20T09:00:00,512.0,530.0,511.0,520.0,1689897590363,5346367432.8913355,10281259.46364574,512.0,8.0,0.015625
228,KRW-MANA,2023-07-21,2023-07-21T09:00:00,520.0,524.0,514.0,522.0,1689983991151,3061397338.459076,5892365.37239281,520.0,2.0,0.0038461538
229,KRW-MANA,2023-07-22,2023-07-22T09:00:00,522.0,527.0,513.0,519.0,1690070395057,3828585069.130581,7332714.89864108,522.0,-3.0,-0.0057471264
230,KRW-MANA,2023-07-23,2023-07-23T09:00:00,520.0,531.0,513.0,527.0,1690156790934,4946885582.462001,9466205.40517951,519.0,8.0,0.0154142582
231,KRW-MANA,2023-07-24,2023-07-24T09:00:00,527.0,529.0,496.0,504.0,1690243194989,6138685483.193904,11989046.87372123,527.0,-23.0,-0.0436432638
232,KRW-MANA,2023-07-25,2023-07-25T09:00:00,504.0,505.0,493.0,502.0,1690329598626,4019062603.388377,8060373.52557208,504.0,-2.0,-0.003968254
233,KRW-MANA,2023-07-26,2023-07-26T09:00:00,502.0,509.0,492.0,503.0,1690415985641,2786598487.8668623,5597091.0481296,502.0,1.0,0.0019920319
234,KRW-MANA,2023-07-27,2023-07-27T09:00:00,503.0,510.0,495.0,500.0,1690502355729,2390618304.6432815,4748081.63016236,503.0,-3.0,-0.0059642147
235,KRW-MANA,2023-07-28,2023-07-28T09:00:00,499.0,507.0,494.0,504.0,1690588795452,1815068243.0280404,3632816.58963051,500.0,4.0,0.008
236,KRW-MANA,2023-07-29,2023-07-29T09:00:00,504.0,507.0,501.0,506.0,1690675181506,2328522012.6052723,4624252.75623377,504.0,2.0,0.003968254
237,KRW-MANA,2023-07-30,2023-07-30T09:00:00,506.0,523.0,497.0,503.0,1690761568548,6613255082.158024,13017356.42091287,506.0,-3.0,-0.0059288538
238,KRW-MANA,2023-07-31,2023-07-31T09:00:00,503.0,508.0,493.0,498.0,1690847990213,2810822948.5198593,5610792.02507795,503.0,-5.0,-0.0099403579
239,KRW-MANA,2023-08-01,2023-08-01T09:00:00,497.0,508.0,489.0,502.0,1690934399697,5164670151.330761,10393641.83011945,498.0,4.0,0.0080321285
240,KRW-MANA,2023-08-02,2023-08-02T09:00:00,502.0,504.0,490.0,492.0,1691020770951,2565890829.7918873,5162968.40380312,502.0,-10.0,-0.0199203187
241,KRW-MANA,2023-08-03,2023-08-03T09:00:00,492.0,494.0,484.0,485.0,1691107164592,2343472404.48215,4785052.97263448,492.0,-7.0,-0.0142276423
242,KRW-MANA,2023-08-04,2023-08-04T09:00:00,485.0,489.0,478.0,482.0,1691193596456,2328049966.332627,4803801.56170529,485.0,-3.0,-0.006185567
243,KRW-MANA,2023-08-05,2023-08-05T09:00:00,482.0,490.0,475.0,489.0,1691279996325,1716840150.8521252,3572903.7538048,482.0,7.0,0.0145228216
244,KRW-MANA,2023-08-06,2023-08-06T09:00:00,489.0,498.0,487.0,497.0,1691366377030,2268463147.522631,4591757.16767509,489.0,8.0,0.0163599182
245,KRW-MANA,2023-08-07,2023-08-07T09:00:00,497.0,504.0,475.0,485.0,1691452789010,3031218171.37226,6167026.00118858,497.0,-12.0,-0.0241448692
246,KRW-MANA,2023-08-08,2023-08-08T09:00:00,485.0,495.0,480.0,490.0,1691539136951,1999270782.9220114,4100792.4162754,485.0,5.0,0.0103092784
247,KRW-MANA,2023-08-09,2023-08-09T09:00:00,490.0,496.0,485.0,487.0,1691625587252,1740647472.103322,3543807.91653912,490.0,-3.0,-0.006122449
248,KRW-MANA,2023-08-10,2023-08-10T09:00:00,488.0,493.0,485.0,487.0,1691711917067,1384050441.6371036,2838592.63927428,487.0,,0.0
249,KRW-MANA,2023-08-11,2023-08-11T09:00:00,487.0,495.0,485.0,494.0,1691798378713,907212217.4662571,1849870.22384811,487.0,7.0,0.0143737166
250,KRW-MANA,2023-08-12,2023-08-12T09:00:00,493.0,497.0,491.0,496.0,1691884771848,573749391.94221,1161483.62130428,494.0,2.0,0.004048583
251,KRW-MANA,2023-08-13,2023-08-13T09:00:00,496.0,497.0,488.0,489.0,1691971187229,1005601121.9781954,2044374.01567515,496.0,-7.0,-0.0141129032
252,KRW-MANA,2023-08-14,2023-08-14T09:00:00,489.0,492.0,484.0,489.0,1692057564634,1850339618.6553614,3794867.19511744,489.0,,0.0
253,KRW-MANA,2023-08-15,2023-08-15T09:00:00,488.0,491.0,463.0,467.0,1692143995541,3024259965.4327936,6349126.75217084,489.0,-22.0,-0.0449897751
254,KRW-MANA,2023-08-16,2023-08-16T09:00:00,467.0,468.0,439.0,445.0,1692230397060,4472020014.824346,9810424.39056492,467.0,-22.0,-0.0471092077
255,KRW-MANA,2023-08-17,2023-08-17T09:00:00,445.0,456.0,401.0,406.0,1692316792947,4979240662.252868,11652014.91981045,445.0,-39.0,-0.0876404494
256,KRW-MANA,2023-08-18,2023-08-18T09:00:00,407.0,428.0,404.0,421.0,1692403098079,3347049763.4126244,8054836.95385258,406.0,15.0,0.0369458128
257,KRW-MANA,2023-08-19,2023-08-19T09:00:00,421.0,428.0,418.0,426.0,1692489514980,1230389111.0478024,2910011.7998439,421.0,5.0,0.0118764846
258,KRW-MANA,2023-08-20,2023-08-20T09:00:00,427.0,431.0,419.0,423.0,1692575969667,981375743.442339,2309717.48953699,426.0,-3.0,-0.0070422535
259,KRW-MANA,2023-08-21,2023-08-21T09:00:00,423.0,425.0,404.0,413.0,1692662030450,1985934768.5643587,4789631.29755014,423.0,-10.0,-0.0236406619
260,KRW-MANA,2023-08-22,2023-08-22T09:00:00,413.0,421.0,399.0,417.0,1692748788878,2048434126.490231,4990798.85888205,413.0,4.0,0.00968523
261,KRW-MANA,2023-08-23,2023-08-23T09:00:00,418.0,427.0,409.0,425.0,1692835193464,1200494966.9588082,2874651.86904861,417.0,8.0,0.0191846523
262,KRW-MANA,2023-08-24,2023-08-24T09:00:00,425.0,425.0,411.0,415.0,1692921518558,1253130095.5467894,2998970.47776183,425.0,-10.0,-0.0235294118
263,KRW-MANA,2023-08-25,2023-08-25T09:00:00,416.0,417.0,406.0,417.0,1693007931073,1661256428.275422,4040301.73837734,415.0,2.0,0.0048192771
264,KRW-MANA,2023-08-26,2023-08-26T09:00:00,415.0,419.0,406.0,408.0,1693094387631,1135241863.1608279,2753525.9644284,417.0,-9.0,-0.0215827338
265,KRW-MANA,2023-08-27,2023-08-27T09:00:00,408.0,412.0,404.0,408.0,1693180784130,951955136.3830609,2335873.40808623,408.0,,0.0
266,KRW-MANA,2023-08-28,2023-08-28T09:00:00,408.0,411.0,396.0,406.0,1693266891139,1818289498.819724,4504698.91065371,408.0,-2.0,-0.0049019608
267,KRW-MANA,2023-08-29,2023-08-29T09:00:00,407.0,429.0,395.0,423.0,1693353598157,3518545123.1434927,8475750.7563246,406.0,17.0,0.0418719212
268,KRW-MANA,2023-08-30,2023-08-30T09:00:00,425.0,429.0,413.0,415.0,1693439996595,1826649329.0883262,4336239.42597542,423.0,-8.0,-0.0189125296
269,KRW-MANA,2023-08-31,2023-08-31T09:00:00,415.0,418.0,396.0,403.0,1693526348989,1896008588.1424413,4640623.49416426,415.0,-12.0,-0.0289156627
270,KRW-MANA,2023-09-01,2023-09-01T09:00:00,403.0,405.0,396.0,402.0,1693612432590,870156761.8612788,2171036.20480112,403.0,-1.0,-0.0024813896
271,KRW-MANA,2023-09-02,2023-09-02T09:00:00,401.0,404.0,391.0,398.0,1693699133400,821216578.0090528,2063792.43971425,402.0,-4.0,-0.0099502488
272,KRW-MANA,2023-09-03,2023-09-03T09:00:00,397.0,401.0,391.0,394.0,1693785567755,991507634.6947143,2503390.20636179,398.0,-4.0,-0.0100502513
273,KRW-MANA,2023-09-04,2023-09-04T09:00:00,395.0,402.0,393.0,395.0,1693871701992,820634997.5443778,2070207.38188647,394.0,1.0,0.0025380711
274,KRW-MANA,2023-09-05,2023-09-05T09:00:00,395.0,401.0,393.0,398.0,1693958240593,811276156.038873,2042023.96093001,395.0,3.0,0.0075949367
275,KRW-MANA,2023-09-06,2023-09-06T09:00:00,398.0,415.0,393.0,402.0,1694044772760,4358420117.485546,10806709.33289846,398.0,4.0,0.0100502513
276,KRW-MANA,2023-09-07,2023-09-07T09:00:00,401.0,407.0,397.0,405.0,1694131139920,2131401790.271468,5299190.78861484,402.0,3.0,0.0074626866
277,KRW-MANA,2023-09-08,2023-09-08T09:00:00,405.0,409.0,396.0,400.0,1694217598081,1438963151.5022318,3581575.37092744,405.0,-5.0,-0.012345679
278,KRW-MANA,2023-09-09,2023-09-09T09:00:00,400.0,403.0,397.0,401.0,1694303982350,496007605.7819278,1238634.73166724,400.0,1.0,0.0025
279,KRW-MANA,2023-09-10,2023-09-10T09:00:00,401.0,401.0,382.0,384.0,1694390388375,1944570535.801741,5003238.73996394,401.0,-17.0,-0.042394015
280,KRW-MANA,2023-09-11,2023-09-11T09:00:00,384.0,386.0,362.0,368.0,1694476786081,2895899231.4009705,7734473.93384467,384.0,-16.0,-0.0416666667
281,KRW-MANA,2023-09-12,2023-09-12T09:00:00,368.0,382.0,365.0,366.0,1694563198848,1725603055.2152014,4639614.5265062,368.0,-2.0,-0.0054347826
282,KRW-MANA,2023-09-13,2023-09-13T09:00:00,367.0,381.0,362.0,379.0,1694649591209,1840531938.6015801,4968313.74898033,366.0,13.0,0.0355191257
283,KRW-MANA,2023-09-14,2023-09-14T09:00:00,381.0,411.0,378.0,392.0,1694735994901,6357666587.4762535,16075783.50703474,379.0,13.0,0.0343007916
284,KRW-MANA,2023-09-15,2023-09-15T09:00:00,393.0,401.0,387.0,400.0,1694822392964,2450281280.1233087,6218227.31171177,392.0,8.0,0.0204081633
285,KRW-MANA,2023-09-16,2023-09-16T09:00:00,400.0,410.0,399.0,408.0,1694908786261,2696750445.3235726,6644995.37945615,400.0,8.0,0.02
286,KRW-MANA,2023-09-17,2023-09-17T09:00:00,409.0,409.0,385.0,389.0,1694995184567,1527532793.2741768,3852797.78593599,408.0,-19.0,-0.0465686275
287,KRW-MANA,2023-09-18,2023-09-18T09:00:00,389.0,399.0,384.0,392.0,1695081588170,1757204552.1021466,4473441.16821514,389.0,3.0,0.0077120823
288,KRW-MANA,2023-09-19,2023-09-19T09:00:00,393.0,404.0,391.0,400.0,1695167819540,1473511210.082191,3705297.36692093,392.0,8.0,0.0204081633
289,KRW-MANA,2023-09-20,2023-09-20T09:00:00,400.0,405.0,393.0,404.0,1695254386410,1629191368.8167453,4091609.72537211,400.0,4.0,0.01
290,KRW-MANA,2023-09-21,2023-09-21T09:00:00,404.0,411.0,395.0,397.0,1695340785129,1923153124.6346292,4775500.58130603,404.0,-7.0,-0.0173267327
291,KRW-MANA,2023-09-22,2023-09-22T09:00:00,398.0,400.0,393.0,399.0,1695427185277,1304086563.124024,3284313.94714909,397.0,2.0,0.0050377834
292,KRW-MANA,2023-09-23,2023-09-23T09:00:00,399.0,402.0,396.0,397.0,1695513585494,1106043881.9324746,2770340.52688009,399.0,-2.0,-0.0050125313
293,KRW-MANA,2023-09-24,2023-09-24T09:00:00,399.0,423.0,395.0,396.0,1695599991717,8636984525.321587,21291105.98512049,397.0,-1.0,-0.0025188917
294,KRW-MANA,2023-09-25,2023-09-25T09:00:00,396.0,409.0,394.0,403.0,1695686384429,3585841441.8326254,8973812.23604406,396.0,7.0,0.0176767677
295,KRW-MANA,2023-09-26,2023-09-26T09:00:00,403.0,406.0,397.0,403.0,1695772762721,1984726910.408378,4944959.21252712,403.0,,0.0
296,KRW-MANA,2023-09-27,2023-09-27T09:00:00,403.0,411.0,398.0,401.0,1695859178330,1976503681.1729276,4888712.47143073,403.0,-2.0,-0.0049627792
297,KRW-MANA,2023-09-28,2023-09-28T09:00:00,400.0,408.0,399.0,405.0,1695945464388,1549374500.8967004,3836406.36636671,401.0,4.0,0.0099750623
298,KRW-MANA,2023-09-29,2023-09-29T09:00:00,405.0,440.0,404.0,428.0,1696031998505,4353617993.330173,10390355.36067896,405.0,23.0,0.0567901235
299,KRW-MANA,2023-09-30,2023-09-30T09:00:00,427.0,428.0,415.0,418.0,1696118382367,2354985306.97031,5600330.62984238,428.0,-10.0,-0.023364486
300,KRW-MANA,2023-10-01,2023-10-01T09:00:00,418.0,440.0,417.0,438.0,1696204787814,2264568822.5753264,5275881.08470297,418.0,20.0,0.04784689
301,KRW-MANA,2023-10-02,2023-10-02T09:00:00,438.0,441.0,419.0,423.0,1696291193912,2572773376.122907,5949462.87811146,438.0,-15.0,-0.0342465753
302,KRW-MANA,2023-10-03,2023-10-03T09:00:00,423.0,428.0,408.0,410.0,1696377575398,2180849261.3837657,5205144.42208917,423.0,-13.0,-0.0307328605
303,KRW-MANA,2023-10-04,2023-10-04T09:00:00,411.0,411.0,393.0,403.0,1696463942460,2469940546.7262325,6149945.92526117,410.0,-7.0,-0.0170731707
304,KRW-MANA,2023-10-05,2023-10-05T09:00:00,402.0,406.0,398.0,398.0,1696550384863,1584310049.0184357,3946263.10876142,403.0,-5.0,-0.0124069479
305,KRW-MANA,2023-10-06,2023-10-06T09:00:00,399.0,409.0,398.0,407.0,1696636789713,1495433144.2154124,3707485.74573113,398.0,9.0,0.0226130653
306,KRW-MANA,2023-10-07,2023-10-07T09:00:00,407.0,410.0,404.0,406.0,1696723157672,795582916.5724627,1956948.14281947,407.0,-1.0,-0.0024570025
307,KRW-MANA,2023-10-08,2023-10-08T09:00:00,405.0,407.0,400.0,404.0,1696809402311,894490473.5771084,2217433.78258581,406.0,-2.0,-0.0049261084
308,KRW-MANA,2023-10-09,2023-10-09T09:00:00,404.0,406.0,376.0,383.0,1696895986188,3093203512.777129,7948751.56445123,404.0,-21.0,-0.051980198
309,KRW-MANA,2023-10-10,2023-10-10T09:00:00,384.0,385.0,376.0,380.0,1696982272532,1711068212.4282894,4487011.15315706,383.0,-3.0,-0.0078328982
310,KRW-MANA,2023-10-11,2023-10-11T09:00:00,379.0,382.0,371.0,380.0,1697068769226,1085453336.3599052,2881954.28140462,380.0,,0.0
311,KRW-MANA,2023-10-12,2023-10-12T09:00:00,381.0,383.0,374.0,383.0,1697155135434,879037765.6434082,2316263.50072552,380.0,3.0,0.0078947368
312,KRW-MANA,2023-10-13,2023-10-13T09:00:00,383.0,390.0,381.0,387.0,1697241551684,903225734.2518054,2349787.38223026,383.0,4.0,0.0104438642
313,KRW-MANA,2023-10-14,2023-10-14T09:00:00,387.0,400.0,386.0,390.0,1697327963232,2487726280.2783813,6353145.98416013,387.0,3.0,0.007751938
314,KRW-MANA,2023-10-15,2023-10-15T09:00:00,390.0,396.0,387.0,391.0,1697414353886,1679033756.133464,4288444.80436518,390.0,1.0,0.0025641026
315,KRW-MANA,2023-10-16,2023-10-16T09:00:00,391.0,405.0,389.0,392.0,1697500791890,3377031082.526774,8543547.85479234,391.0,1.0,0.0025575448
316,KRW-MANA,2023-10-17,2023-10-17T09:00:00,392.0,393.0,379.0,383.0,1697587146084,2383215637.8899846,6172048.15936215,392.0,-9.0,-0.0229591837
317,KRW-MANA,2023-10-18,2023-10-18T09:00:00,384.0,386.0,377.0,379.0,1697673573930,1914747721.6440074,5026083.67316684,383.0,-4.0,-0.0104438642
318,KRW-MANA,2023-10-19,2023-10-19T09:00:00,378.0,380.0,372.0,379.0,1697759986453,2179800191.5915775,5794150.65946082,379.0,,0.0
319,KRW-MANA,2023-10-20,2023-10-20T09:00:00,378.0,393.0,374.0,390.0,1697846395291,2423528810.592777,6280740.14618672,379.0,11.0,0.0290237467
320,KRW-MANA,2023-10-21,2023-10-21T09:00:00,390.0,408.0,388.0,404.0,1697932787698,2626641501.006357,6590105.9181505,390.0,14.0,0.0358974359
321,KRW-MANA,2023-10-22,2023-10-22T09:00:00,403.0,411.0,399.0,411.0,1698019190805,3214427412.8826065,7955675.52509365,404.0,7.0,0.0173267327
322,KRW-MANA,2023-10-23,2023-10-23T09:00:00,410.0,436.0,407.0,436.0,1698105589299,5124729977.997743,12253096.7928467,411.0,25.0,0.0608272506
323,KRW-MANA,2023-10-24,2023-10-24T09:00:00,435.0,479.0,431.0,472.0,1698191990011,18763360990.20552,41154235.62751853,436.0,36.0,0.0825688073
324,KRW-MANA,2023-10-25,2023-10-25T09:00:00,472.0,485.0,456.0,468.0,1698278360635,7831160595.871146,16706256.47055309,472.0,-4.0,-0.0084745763
325,KRW-MANA,2023-10-26,2023-10-26T09:00:00,469.0,492.0,453.0,477.0,1698364779465,9839057767.666538,20716389.08775273,468.0,9.0,0.0192307692
326,KRW-MANA,2023-10-27,2023-10-27T09:00:00,477.0,477.0,455.0,463.0,1698451184669,3212406704.821572,6885779.35984301,477.0,-14.0,-0.0293501048
327,KRW-MANA,2023-10-28,2023-10-28T09:00:00,463.0,481.0,460.0,477.0,1698537592571,2542379816.1843443,5377285.07232056,463.0,14.0,0.030237581
328,KRW-MANA,2023-10-29,2023-10-29T09:00:00,477.0,528.0,469.0,516.0,1698623996644,15774163040.564405,31134118.9377377,477.0,39.0,0.0817610063
329,KRW-MANA,2023-10-30,2023-10-30T09:00:00,516.0,531.0,500.0,512.0,1698710393047,11449740390.438961,22278197.17344946,516.0,-4.0,-0.007751938
330,KRW-MANA,2023-10-31,2023-10-31T09:00:00,512.0,515.0,476.0,496.0,1698796799739,6593365750.697153,13234072.56683198,512.0,-16.0,-0.03125
331,KRW-MANA,2023-11-01,2023-11-01T09:00:00,494.0,517.0,480.0,515.0,1698883175707,7134267577.61309,14364664.2554907,496.0,19.0,0.0383064516
332,KRW-MANA,2023-11-02,2023-11-02T09:00:00,516.0,577.0,516.0,547.0,1698969599297,43246282914.573555,78345426.6592426,515.0,32.0,0.0621359223
333,KRW-MANA,2023-11-03,2023-11-03T09:00:00,547.0,549.0,520.0,537.0,1699055998452,8292200860.661594,15568010.00141286,547.0,-10.0,-0.0182815356
334,KRW-MANA,2023-11-04,2023-11-04T09:00:00,537.0,549.0,528.0,546.0,1699142399081,6451120632.524042,11957833.86945341,537.0,9.0,0.0167597765
335,KRW-MANA,2023-11-05,2023-11-05T09:00:00,546.0,567.0,529.0,543.0,1699228783530,10778716252.200157,19719850.11726553,546.0,-3.0,-0.0054945055
336,KRW-MANA,2023-11-06,2023-11-06T09:00:00,544.0,575.0,537.0,565.0,1699315185674,22274130958.26032,39535797.09503368,543.0,22.0,0.0405156538
337,KRW-MANA,2023-11-07,2023-11-07T09:00:00,564.0,582.0,537.0,557.0,1699401584300,13119957958.65384,23219224.86841201,565.0,-8.0,-0.014159292
338,KRW-MANA,2023-11-08,2023-11-08T09:00:00,558.0,571.0,547.0,567.0,1699487999386,6947386432.90452,12453675.74285143,557.0,10.0,0.0179533214
339,KRW-MANA,2023-11-09,2023-11-09T09:00:00,567.0,594.0,542.0,563.0,1699574365430,15360516400.350904,26942267.14329035,567.0,-4.0,-0.0070546737
340,KRW-MANA,2023-11-10,2023-11-10T09:00:00,563.0,596.0,554.0,583.0,1699660773479,19516711252.486427,33816594.62599172,563.0,20.0,0.0355239787
341,KRW-MANA,2023-11-11,2023-11-11T09:00:00,583.0,674.0,554.0,629.0,1699747199828,34221063376.397522,55028885.37840562,583.0,46.0,0.0789022298
342,KRW-MANA,2023-11-12,2023-11-12T09:00:00,628.0,635.0,600.0,622.0,1699833547469,13456489250.814434,21762351.45457857,629.0,-7.0,-0.0111287758
343,KRW-MANA,2023-11-13,2023-11-13T09:00:00,622.0,653.0,600.0,600.0,1699919998764,21043400101.826977,33448775.31879153,622.0,-22.0,-0.0353697749
344,KRW-MANA,2023-11-14,2023-11-14T09:00:00,600.0,605.0,558.0,576.0,1700006397453,14339013855.933157,24470803.95791925,600.0,-24.0,-0.04
345,KRW-MANA,2023-11-15,2023-11-15T09:00:00,576.0,606.0,557.0,603.0,1700092795277,9760975745.201889,16722036.03648109,576.0,27.0,0.046875
346,KRW-MANA,2023-11-16,2023-11-16T09:00:00,603.0,621.0,573.0,582.0,1700179175370,12441943509.272629,20720471.28304097,603.0,-21.0,-0.0348258706
347,KRW-MANA,2023-11-17,2023-11-17T09:00:00,582.0,597.0,549.0,577.0,1700265585914,8203615201.804053,14211007.37156068,582.0,-5.0,-0.0085910653
348,KRW-MANA,2023-11-18,2023-11-18T09:00:00,577.0,578.0,532.0,560.0,1700351999600,6358812351.121223,11451281.45201565,577.0,-17.0,-0.0294627383
349,KRW-MANA,2023-11-19,2023-11-19T09:00:00,560.0,578.0,549.0,573.0,1700438383057,3514072268.8500624,6241087.89385897,560.0,13.0,0.0232142857
350,KRW-MANA,2023-11-20,2023-11-20T09:00:00,574.0,580.0,561.0,564.0,1700524742374,4744875031.755287,8312104.85298189,573.0,-9.0,-0.0157068063
351,KRW-MANA,2023-11-21,2023-11-21T09:00:00,564.0,574.0,509.0,510.0,1700611199073,8480562990.6856785,15594617.32526169,564.0,-54.0,-0.0957446809
352,KRW-MANA,2023-11-22,2023-11-22T09:00:00,510.0,546.0,508.0,543.0,1700697599220,4056817933.2564397,7677779.31632681,510.0,33.0,0.0647058824
353,KRW-MANA,2023-11-23,2023-11-23T09:00:00,543.0,549.0,534.0,543.0,1700783923032,3218710737.896373,5941952.22927773,543.0,,0.0
354,KRW-MANA,2023-11-24,2023-11-24T09:00:00,544.0,558.0,542.0,555.0,1700870386016,2984759830.945435,5435202.01330837,543.0,12.0,0.0220994475
355,KRW-MANA,2023-11-25,2023-11-25T09:00:00,555.0,654.0,550.0,622.0,1700956799369,83823337568.735,136217579.49460328,555.0,67.0,0.1207207207
356,KRW-MANA,2023-11-26,2023-11-26T09:00:00,622.0,636.0,592.0,604.0,1701043198664,56206754479.09151,91545534.82802983,622.0,-18.0,-0.0289389068
357,KRW-MANA,2023-11-27,2023-11-27T09:00:00,603.0,629.0,576.0,595.0,1701129596496,23975822105.85011,39857203.64904674,604.0,-9.0,-0.0149006623
358,KRW-MANA,2023-11-28,2023-11-28T09:00:00,595.0,598.0,567.0,594.0,1701215980903,8195129093.34601,14074400.31380602,595.0,-1.0,-0.0016806723
359,KRW-MANA,2023-11-29,2023-11-29T09:00:00,593.0,597.0,579.0,591.0,1701302384240,6054133986.148453,10313754.6448999,594.0,-3.0,-0.0050505051
360,KRW-MANA,2023-11-30,2023-11-30T09:00:00,591.0,593.0,575.0,579.0,1701388795293,4309166015.850767,7406540.27070653,591.0,-12.0,-0.0203045685
361,KRW-MANA,2023-12-01,2023-12-01T09:00:00,579.0,591.0,574.0,589.0,1701475186846,3443551894.7596574,5888898.34004499,579.0,10.0,0.0172711572
362,KRW-MANA,2023-12-02,2023-12-02T09:00:00,588.0,612.0,585.0,609.0,1701561599966,5738703385.290969,9625723.42189451,589.0,20.0,0.0339558574
363,KRW-MANA,2023-12-03,2023-12-03T09:00:00,610.0,614.0,595.0,604.0,1701647997057,6531728045.840902,10819252.25573663,609.0,-5.0,-0.0082101806
364,KRW-MANA,2023-12-04,2023-12-04T09:00:00,605.0,632.0,580.0,613.0,1701734392586,15576207498.00209,25584891.8964742,604.0,9.0,0.0149006623
365,KRW-MANA,2023-12-05,2023-12-05T09:00:00,613.0,649.0,607.0,643.0,1701820797022,23837348693.200375,37722135.20431918,613.0,30.0,0.0489396411
366,KRW-MANA,2023-12-06,2023-12-06T09:00:00,643.0,684.0,631.0,654.0,1701907198451,30956756451.26533,47260908.84858162,643.0,11.0,0.0171073095
367,KRW-MANA,2023-12-07,2023-12-07T09:00:00,654.0,689.0,635.0,688.0,1701993599503,31891591107.984917,47736872.1307571,654.0,34.0,0.0519877676
368,KRW-MANA,2023-12-08,2023-12-08T09:00:00,689.0,712.0,662.0,708.0,1702079984524,18578646916.709057,27157699.86929837,688.0,20.0,0.0290697674
369,KRW-MANA,2023-12-09,2023-12-09T09:00:00,709.0,753.0,709.0,732.0,1702166396161,23234556854.25779,31840481.24915672,708.0,24.0,0.0338983051
370,KRW-MANA,2023-12-10,2023-12-10T09:00:00,733.0,789.0,718.0,730.0,1702252799053,52371678976.14118,69520343.54928406,732.0,-2.0,-0.0027322404
371,KRW-MANA,2023-12-11,2023-12-11T09:00:00,730.0,731.0,651.0,677.0,1702339185035,24051498574.43065,35160798.56220047,730.0,-53.0,-0.0726027397
372,KRW-MANA,2023-12-12,2023-12-12T09:00:00,677.0,690.0,663.0,687.0,1702425587405,11060183016.759315,16320180.36289989,677.0,10.0,0.0147710487
373,KRW-MANA,2023-12-13,2023-12-13T09:00:00,689.0,698.0,644.0,693.0,1702511992486,9120861563.544985,13652382.57740527,687.0,6.0,0.0087336245
374,KRW-MANA,2023-12-14,2023-12-14T09:00:00,695.0,707.0,678.0,702.0,1702598394151,8228921917.691751,11839704.91470674,693.0,9.0,0.012987013
375,KRW-MANA,2023-12-15,2023-12-15T09:00:00,701.0,702.0,670.0,671.0,1702684758603,6634681271.24862,9697090.82633896,702.0,-31.0,-0.0441595442
376,KRW-MANA,2023-12-16,2023-12-16T09:00:00,672.0,694.0,661.0,689.0,1702771149355,4129195348.6556973,6083174.15214995,671.0,18.0,0.0268256334
377,KRW-MANA,2023-12-17,2023-12-17T09:00:00,690.0,700.0,660.0,661.0,1702857584081,6207281133.290793,9138745.40254735,689.0,-28.0,-0.0406386067
378,KRW-MANA,2023-12-18,2023-12-18T09:00:00,662.0,666.0,605.0,649.0,1702943980323,8973105725.679781,14163148.41695347,661.0,-12.0,-0.0181543116
379,KRW-MANA,2023-12-19,2023-12-19T09:00:00,649.0,664.0,641.0,651.0,1703030391686,4412690102.639005,6754589.36637593,649.0,2.0,0.0030816641
380,KRW-MANA,2023-12-20,2023-12-20T09:00:00,650.0,691.0,640.0,681.0,1703116785229,7400463552.922815,11018983.42470827,651.0,30.0,0.0460829493
381,KRW-MANA,2023-12-21,2023-12-21T09:00:00,681.0,709.0,672.0,708.0,1703203183300,8571659923.77617,12398354.35113034,681.0,27.0,0.0396475771
382,KRW-MANA,2023-12-22,2023-12-22T09:00:00,709.0,717.0,688.0,715.0,1703289583566,8724680626.848888,12388549.98696066,708.0,7.0,0.0098870056
383,KRW-MANA,2023-12-23,2023-12-23T09:00:00,716.0,719.0,693.0,698.0,1703375996937,6817880159.907407,9700768.42424617,715.0,-17.0,-0.0237762238
384,KRW-MANA,2023-12-24,2023-12-24T09:00:00,698.0,742.0,689.0,728.0,1703462398431,16349354210.8198,23020382.36885435,698.0,30.0,0.0429799427
385,KRW-MANA,2023-12-25,2023-12-25T09:00:00,728.0,762.0,704.0,747.0,1703548799327,34671909705.30784,46630960.94042981,728.0,19.0,0.0260989011
386,KRW-MANA,2023-12-26,2023-12-26T09:00:00,747.0,809.0,700.0,751.0,1703635200026,50622147164.779526,65749300.56691469,747.0,4.0,0.0053547523
387,KRW-MANA,2023-12-27,2023-12-27T09:00:00,752.0,755.0,709.0,740.0,1703721594956,14153260897.747276,19303222.91215542,751.0,-11.0,-0.0146471372
388,KRW-MANA,2023-12-28,2023-12-28T09:00:00,741.0,752.0,700.0,706.0,1703807990206,10161504614.771505,14124033.63499276,740.0,-34.0,-0.0459459459
389,KRW-MANA,2023-12-29,2023-12-29T09:00:00,707.0,719.0,679.0,692.0,1703894374912,12260491515.914202,17524733.10542576,706.0,-14.0,-0.0198300283
390,KRW-MANA,2023-12-30,2023-12-30T09:00:00,691.0,698.0,682.0,693.0,1703980789431,5648392583.449249,8172383.02899855,692.0,1.0,0.0014450867
391,KRW-MANA,2023-12-31,2023-12-31T09:00:00,693.0,712.0,690.0,703.0,1704067183926,5366014095.203417,7650924.15320662,693.0,10.0,0.0144300144
