market,candle_date_time_utc,candle_date_time_kst,opening_price,high_price,low_price,trade_price,timestamp,candle_acc_trade_price,candle_acc_trade_volume,prev_closing_price,change_price,change_rate
KRW-BTC,2017-12-05,2017-12-05T09:00:00,13683000.0,14794000.0,13612000.0,14645000.0,1512518400020,393354372550.99945,27842.82483202,13684000.0,961000.0,0.0702280035
KRW-BTC,2017-12-06,2017-12-06T09:00:00,14645000.0,19006000.0,14645000.0,18390000.0,1512604740000,764486810510.9639,46874.81572282,14645000.0,3745000.0,0.2557186753
KRW-BTC,2017-12-07,2017-12-07T09:00:00,18389000.0,23860000.0,17965000.0,23791000.0,1512691200081,1118269518418.238,55171.05694429,18390000.0,5401000.0,0.293692224
KRW-BTC,2017-12-08,2017-12-08T09:00:00,23795000.0,24967000.0,16521000.0,20260000.0,1512777600070,2070532197879.6824,101681.96225121,23791000.0,-3531000.0,-0.1484174688
KRW-BTC,2017-12-09,2017-12-09T09:00:00,20259000.0,20877000.0,15257000.0,17769000.0,1512864000151,1017293699277.7094,57286.61272035,20260000.0,-2491000.0,-0.1229516288
KRW-BTC,2017-12-10,2017-12-10T09:00:00,17769000.0,18537000.0,13744000.0,17661000.0,1512950399973,1397576996544.1858,87737.90180131,17769000.0,-108000.0,-0.006078001
KRW-BTC,2017-12-11,2017-12-11T09:00:00,17661000.0,19989000.0,17520000.0,19307000.0,1513036799785,937491532254.3287,49104.26522594,17661000.0,1646000.0,0.0931997056
KRW-BTC,2017-12-12,2017-12-12T09:00:00,19307000.0,19549000.0,18497000.0,18940000.0,1513123201168,724954383604.7885,37765.66828121,19307000.0,-367000.0,-0.0190086497
KRW-BTC,2017-12-13,2017-12-13T09:00:00,18943000.0,19301000.0,17379000.0,18358000.0,1513209600157,720181409852.3256,38816.44091324,18940000.0,-582000.0,-0.0307286167
KRW-BTC,2017-12-14,2017-12-14T09:00:00,18356000.0,19312000.0,18101000.0,18660000.0,1513296000884,729015620961.669,39274.3089533,18358000.0,302000.0,0.0164505937
KRW-BTC,2017-12-15,2017-12-15T09:00:00,18664000.0,21558000.0,18539000.0,20075000.0,1513382402381,1078431840484.545,53514.06078424,18660000.0,1415000.0,0.0758306538
KRW-BTC,2017-12-16,2017-12-16T09:00:00,20080000.0,22475000.0,19810000.0,22205000.0,1513468800256,870835418750.3627,41694.09111338,20075000.0,2130000.0,0.1061021171
KRW-BTC,2017-12-17,2017-12-17T09:00:00,22208000.0,22961000.0,21000000.0,21881000.0,1513555200232,774987397539.5995,35122.33783135,22205000.0,-324000.0,-0.0145913083
KRW-BTC,2017-12-18,2017-12-18T09:00:00,21881000.0,22280000.0,20980000.0,22087000.0,1513641600072,864254636436.4166,39510.42923015,21881000.0,206000.0,0.0094145606
KRW-BTC,2017-12-19,2017-12-19T09:00:00,22086000.0,23741000.0,20450000.0,22367000.0,1513727999901,1076218244994.0664,48064.50573599,22087000.0,280000.0,0.0126771404
KRW-BTC,2017-12-20,2017-12-20T09:00:00,22385000.0,23299000.0,20600000.0,22638000.0,1513814399975,915787457576.3986,41426.79458212,22367000.0,271000.0,0.0121160638
KRW-BTC,2017-12-21,2017-12-21T09:00:00,22638000.0,23950000.0,20750000.0,22200000.0,1513900799455,974647759990.218,43263.77604079,22638000.0,-438000.0,-0.0193479989
KRW-BTC,2017-12-22,2017-12-22T09:00:00,22200000.0,22840000.0,16105000.0,19089000.0,1513987200107,1528909362094.557,79976.23837469,22200000.0,-3111000.0,-0.1401351351
KRW-BTC,2017-12-23,2017-12-23T09:00:00,19090000.0,21120000.0,18312000.0,20525000.0,1514073600232,1163881876672.5967,58485.96741678,19089000.0,1436000.0,0.0752265703
KRW-BTC,2017-12-24,2017-12-24T09:00:00,20523000.0,20770000.0,18499000.0,19592000.0,1514160000127,929024030188.0336,47643.13660186,20525000.0,-933000.0,-0.04545676
KRW-BTC,2017-12-25,2017-12-25T09:00:00,19589000.0,19950000.0,19210000.0,19822000.0,1514246400303,712237808781.7738,36350.71167524,19592000.0,230000.0,0.0117394855
KRW-BTC,2017-12-26,2017-12-26T09:00:00,19820000.0,22750000.0,19730000.0,21933000.0,1514332800273,1172199097072.874,54654.19806036,19822000.0,2111000.0,0.1064978307
KRW-BTC,2017-12-27,2017-12-27T09:00:00,21932000.0,22650000.0,21074000.0,21970000.0,1514419200311,825256664954.1604,37639.65248022,21933000.0,37000.0,0.0016869557
KRW-BTC,2017-12-28,2017-12-28T09:00:00,21964000.0,22000000.0,18323000.0,19565000.0,1514505600334,896259224119.7755,45244.24799131,21970000.0,-2405000.0,-0.1094674556
KRW-BTC,2017-12-29,2017-12-29T09:00:00,19565000.0,19738000.0,18530000.0,19290000.0,1514592000376,716201020435.9087,37594.01226698,19565000.0,-275000.0,-0.0140557117
KRW-BTC,2017-12-30,2017-12-30T09:00:00,19290000.0,19478000.0,17800000.0,18415000.0,1514678399751,790630766740.0131,42305.07850317,19290000.0,-875000.0,-0.0453602903
KRW-BTC,2017-12-31,2017-12-31T09:00:00,18401000.0,19637000.0,18208000.0,19280000.0,1514764800514,553830467343.9598,29363.72193703,18415000.0,865000.0,0.0469725767
KRW-BTC,2018-01-01,2018-01-01T09:00:00,19278000.0,19420000.0,18290000.0,18860000.0,1514851200537,529081640813.1479,27949.67613401,19280000.0,-420000.0,-0.0217842324
KRW-BTC,2018-01-02,2018-01-02T09:00:00,18875000.0,21720000.0,18510000.0,20263000.0,1514937600502,819264196997.1248,41968.47300909,18860000.0,1403000.0,0.0743902439
KRW-BTC,2018-01-03,2018-01-03T09:00:00,20263000.0,21329000.0,19520000.0,20900000.0,1515024004755,888631010674.476,43168.2576045,20263000.0,637000.0,0.0314366086
KRW-BTC,2018-01-04,2018-01-04T09:00:00,20899000.0,23685000.0,19700000.0,23402000.0,1515110400543,979226883111.2864,45192.45174241,20900000.0,2502000.0,0.1197129187
KRW-BTC,2018-01-05,2018-01-05T09:00:00,23403000.0,28589000.0,22338000.0,27444000.0,1515196800655,1418955321795.6082,56774.8498417,23402000.0,4042000.0,0.1727202803
KRW-BTC,2018-01-06,2018-01-06T09:00:00,27451000.0,28885000.0,23966000.0,26924000.0,1515283200552,1279382915220.0127,48971.92813081,27444000.0,-520000.0,-0.0189476753
KRW-BTC,2018-01-07,2018-01-07T09:00:00,26924000.0,27210000.0,24543000.0,25859000.0,1515369600758,805561532281.216,31015.72258622,26924000.0,-1065000.0,-0.0395557867
KRW-BTC,2018-01-08,2018-01-08T09:00:00,25859000.0,26449000.0,23850000.0,25230000.0,1515456000874,1135051093505.0276,44839.78332164,25859000.0,-629000.0,-0.0243242198
KRW-BTC,2018-01-09,2018-01-09T09:00:00,25200000.0,25786000.0,22858000.0,24016000.0,1515542400924,1009654272888.3821,41558.52968619,25230000.0,-1214000.0,-0.0481173207
KRW-BTC,2018-01-10,2018-01-10T09:00:00,24015000.0,24200000.0,19689000.0,21317000.0,1515628801047,969877439744.969,43736.28693252,24016000.0,-2699000.0,-0.1123834111
KRW-BTC,2018-01-11,2018-01-11T09:00:00,21300000.0,21890000.0,14104000.0,19389000.0,1515715201078,1181041028214.3333,61924.52562032,21317000.0,-1928000.0,-0.0904442464
KRW-BTC,2018-01-12,2018-01-12T09:00:00,19359000.0,21143000.0,18005000.0,20745000.0,1515801601068,858088176720.2753,43734.14210793,19362000.0,1383000.0,0.0714285714
KRW-BTC,2018-01-13,2018-01-13T09:00:00,20750000.0,21399000.0,19886000.0,21135000.0,1515888001138,634210697267.0924,30172.38452901,20745000.0,390000.0,0.0187997108
KRW-BTC,2018-01-14,2018-01-14T09:00:00,21130000.0,21299000.0,18131000.0,19206000.0,1515974399061,586547552576.8049,30105.53009772,21135000.0,-1929000.0,-0.0912704045
KRW-BTC,2018-01-15,2018-01-15T09:00:00,19210000.0,20143000.0,18201000.0,19106000.0,1516060801166,571781083101.0643,29582.95249892,19206000.0,-100000.0,-0.0052067062
KRW-BTC,2018-01-16,2018-01-16T09:00:00,19107000.0,19219000.0,11543000.0,14279000.0,1516147200984,947014914659.6864,59293.11406178,19106000.0,-4827000.0,-0.2526431487
KRW-BTC,2018-01-17,2018-01-17T09:00:00,14279000.0,15722000.0,11901000.0,14951000.0,1516233601827,809847311215.9441,60203.17701055,14279000.0,672000.0,0.0470621192
KRW-BTC,2018-01-18,2018-01-18T09:00:00,14954000.0,16370000.0,13650000.0,14880000.0,1516320000950,651400884897.6748,44001.92022842,14951000.0,-71000.0,-0.0047488462
KRW-BTC,2018-01-19,2018-01-19T09:00:00,14879000.0,15448000.0,14352000.0,15372000.0,1516406400307,411893497250.1491,27555.99477285,14880000.0,492000.0,0.0330645161
KRW-BTC,2018-01-20,2018-01-20T09:00:00,15370000.0,17208000.0,15225000.0,16858000.0,1516492801367,845326077909.618,51147.45641776,15372000.0,1486000.0,0.0966692688
KRW-BTC,2018-01-21,2018-01-21T09:00:00,16852000.0,16943000.0,13735000.0,14640000.0,1516579201362,660819520492.5259,44140.37058853,16858000.0,-2218000.0,-0.1315695812
KRW-BTC,2018-01-22,2018-01-22T09:00:00,14640000.0,14910000.0,12981000.0,13944000.0,1516665601554,424614464672.0995,30529.67525826,14640000.0,-696000.0,-0.0475409836
KRW-BTC,2018-01-23,2018-01-23T09:00:00,13968000.0,14044000.0,12311000.0,13141000.0,1516752001183,369065658985.68024,28032.38238629,13944000.0,-803000.0,-0.0575874928
KRW-BTC,2018-01-24,2018-01-24T09:00:00,13139000.0,13780000.0,12600000.0,13450000.0,1516838400506,317699876835.02954,24236.06233141,13141000.0,309000.0,0.0235141922
KRW-BTC,2018-01-25,2018-01-25T09:00:00,13450000.0,13900000.0,12800000.0,12973000.0,1516924801410,251329639983.3806,18943.75635587,13450000.0,-477000.0,-0.035464684
KRW-BTC,2018-01-26,2018-01-26T09:00:00,12973000.0,13350000.0,11500000.0,12876000.0,1517011201341,379440453340.1203,30279.96147663,12973000.0,-97000.0,-0.0074770678
KRW-BTC,2018-01-27,2018-01-27T09:00:00,12876000.0,13132000.0,12300000.0,12900000.0,1517097600696,235439540808.33005,18535.39984957,12876000.0,24000.0,0.0018639329
KRW-BTC,2018-01-28,2018-01-28T09:00:00,12903000.0,13570000.0,12810000.0,13352000.0,1517184001236,271698507514.6077,20508.73672486,12900000.0,452000.0,0.0350387597
KRW-BTC,2018-01-29,2018-01-29T09:00:00,13351000.0,13489000.0,12560000.0,12909000.0,1517270401320,205582977986.2608,15844.07278917,13352000.0,-443000.0,-0.03317855
KRW-BTC,2018-01-30,2018-01-30T09:00:00,12909000.0,12957000.0,11310000.0,11627000.0,1517356801665,258564860359.41562,21206.17024434,12909000.0,-1282000.0,-0.0993105585
KRW-BTC,2018-01-31,2018-01-31T09:00:00,11658000.0,11900000.0,10400000.0,11429000.0,1517443201774,259417060684.88272,23175.02109439,11627000.0,-198000.0,-0.0170293283
KRW-BTC,2018-02-01,2018-02-01T09:00:00,11439000.0,11490000.0,10011000.0,10070000.0,1517529601764,236864009092.77927,22225.67551126,11429000.0,-1359000.0,-0.1189080409
KRW-BTC,2018-02-02,2018-02-02T09:00:00,10061000.0,10120000.0,7830000.0,9410000.0,1517616000940,465637634475.9709,52018.46095277,10070000.0,-660000.0,-0.0655412115
KRW-BTC,2018-02-03,2018-02-03T09:00:00,9410000.0,10200000.0,8400000.0,9520000.0,1517702401031,235540121101.8899,25405.73722415,9410000.0,110000.0,0.0116896918
KRW-BTC,2018-02-04,2018-02-04T09:00:00,9524000.0,10158000.0,8765000.0,8900000.0,1517788801580,178483940514.02716,18781.02389914,9520000.0,-620000.0,-0.0651260504
KRW-BTC,2018-02-05,2018-02-05T09:00:00,8900000.0,9250000.0,7715000.0,7832000.0,1517875201526,176326495552.98172,20709.59917348,8900000.0,-1068000.0,-0.12
KRW-BTC,2018-02-06,2018-02-06T09:00:00,7831000.0,8698000.0,6620000.0,8642000.0,1517961602170,335384726987.6974,44456.45172294,7832000.0,810000.0,0.103421859
KRW-BTC,2018-02-07,2018-02-07T09:00:00,8646000.0,9199000.0,7990000.0,8387000.0,1518048002050,294441762043.2158,33928.15634331,8642000.0,-255000.0,-0.0295070586
KRW-BTC,2018-02-08,2018-02-08T09:00:00,8410000.0,9690000.0,8410000.0,9480000.0,1518134402215,351355936611.4521,38113.82546535,8387000.0,1093000.0,0.1303207345
KRW-BTC,2018-02-09,2018-02-09T09:00:00,9479000.0,9934000.0,9041000.0,9929000.0,1518220801792,277460223221.5223,29459.15309411,9480000.0,449000.0,0.0473628692
KRW-BTC,2018-02-10,2018-02-10T09:00:00,9929000.0,10656000.0,9475000.0,9959000.0,1518307202019,335316118019.4635,33057.11964565,9929000.0,30000.0,0.0030214523
KRW-BTC,2018-02-11,2018-02-11T09:00:00,9958000.0,10045000.0,9021000.0,9320000.0,1518393599276,166733129197.31808,17672.61615308,9959000.0,-639000.0,-0.0641630686
KRW-BTC,2018-02-12,2018-02-12T09:00:00,9319000.0,10195000.0,9305000.0,10140000.0,1518480002162,145173412651.06952,14756.72285892,9320000.0,820000.0,0.0879828326
KRW-BTC,2018-02-13,2018-02-13T09:00:00,10149000.0,10220000.0,9630000.0,9906000.0,1518566401730,136411104720.2393,13735.57073936,10140000.0,-234000.0,-0.0230769231
KRW-BTC,2018-02-14,2018-02-14T09:00:00,9906000.0,10510000.0,9896000.0,10473000.0,1518652802441,176544632905.03323,17264.67105928,9906000.0,567000.0,0.0572380376
KRW-BTC,2018-02-15,2018-02-15T09:00:00,10473000.0,11459000.0,10355000.0,11357000.0,1518739202235,293165904394.8277,26678.52011813,10473000.0,884000.0,0.0844075241
KRW-BTC,2018-02-16,2018-02-16T09:00:00,11357000.0,11800000.0,11151000.0,11462000.0,1518825602672,231906886587.65186,20284.75192278,11357000.0,105000.0,0.0092453993
KRW-BTC,2018-02-17,2018-02-17T09:00:00,11452000.0,12318000.0,11400000.0,12300000.0,1518912002573,406337968335.0321,34046.21887429,11462000.0,838000.0,0.0731111499
KRW-BTC,2018-02-18,2018-02-18T09:00:00,12300000.0,12755000.0,11522000.0,11966000.0,1518998402587,538048238909.2242,44163.19851131,12300000.0,-334000.0,-0.0271544715
KRW-BTC,2018-02-19,2018-02-19T09:00:00,11966000.0,12663000.0,11862000.0,12649000.0,1519084802135,278412584740.4364,22700.15187526,11966000.0,683000.0,0.0570783888
KRW-BTC,2018-02-20,2018-02-20T09:00:00,12649000.0,14149000.0,12645000.0,13548000.0,1519171202070,547143024491.79083,41015.58477391,12649000.0,899000.0,0.0710728121
KRW-BTC,2018-02-21,2018-02-21T09:00:00,13542000.0,13650000.0,12411000.0,12815000.0,1519257602795,492964886432.1959,37637.76832665,13548000.0,-733000.0,-0.0541039268
KRW-BTC,2018-02-22,2018-02-22T09:00:00,12823000.0,13031000.0,11660000.0,11763000.0,1519344002915,454695464304.42505,37219.85617238,12815000.0,-1052000.0,-0.0820912993
KRW-BTC,2018-02-23,2018-02-23T09:00:00,11761000.0,12170000.0,11271000.0,12065000.0,1519430402780,365496367275.31226,31053.11554548,11763000.0,302000.0,0.0256737227
KRW-BTC,2018-02-24,2018-02-24T09:00:00,12065000.0,12359000.0,11281000.0,11553000.0,1519516801194,257929366922.33112,21762.37417394,12065000.0,-512000.0,-0.0424368007
KRW-BTC,2018-02-25,2018-02-25T09:00:00,11553000.0,11613000.0,10805000.0,11230000.0,1519603202566,185760963538.6857,16499.63847015,11553000.0,-323000.0,-0.0279581061
KRW-BTC,2018-02-26,2018-02-26T09:00:00,11230000.0,11884000.0,10828000.0,11773000.0,1519689602848,276455308845.72,24307.10812212,11230000.0,543000.0,0.0483526269
KRW-BTC,2018-02-27,2018-02-27T09:00:00,11778000.0,12165000.0,11463000.0,11951000.0,1519776003191,244517108299.52618,20616.46007981,11773000.0,178000.0,0.0151193409
KRW-BTC,2018-02-28,2018-02-28T09:00:00,11957000.0,12405000.0,11777000.0,11860000.0,1519862403088,254046612860.76138,21114.42802459,11952000.0,-92000.0,-0.0076974565
KRW-BTC,2018-03-01,2018-03-01T09:00:00,11865000.0,12250000.0,11603000.0,12214000.0,1519948802102,248835909818.77716,20882.28518046,11860000.0,354000.0,0.0298482293
KRW-BTC,2018-03-02,2018-03-02T09:00:00,12214000.0,12581000.0,12123000.0,12465000.0,1520035202367,295637064034.3188,23945.11755659,12214000.0,251000.0,0.0205501883
KRW-BTC,2018-03-03,2018-03-03T09:00:00,12465000.0,12831000.0,12347000.0,12831000.0,1520121603164,228965630025.49286,18163.17519084,12465000.0,366000.0,0.0293622142
KRW-BTC,2018-03-04,2018-03-04T09:00:00,12831000.0,12840000.0,12255000.0,12592000.0,1520208002519,201340229993.18277,16125.74325513,12831000.0,-239000.0,-0.0186267633
KRW-BTC,2018-03-05,2018-03-05T09:00:00,12592000.0,12899000.0,12451000.0,12746000.0,1520294402879,175702590360.74634,13919.50036247,12592000.0,154000.0,0.0122299873
KRW-BTC,2018-03-06,2018-03-06T09:00:00,12745000.0,12746000.0,11900000.0,12023000.0,1520380803191,185315323122.34424,15007.19978396,12746000.0,-723000.0,-0.056723678
KRW-BTC,2018-03-07,2018-03-07T09:00:00,12023000.0,12221000.0,10900000.0,11200000.0,1520467202038,337512805826.04443,29131.72046073,12023000.0,-823000.0,-0.0684521334
KRW-BTC,2018-03-08,2018-03-08T09:00:00,11200000.0,11347000.0,10473000.0,10517000.0,1520553603175,232885684468.13763,21348.23284178,11200000.0,-683000.0,-0.0609821429
KRW-BTC,2018-03-09,2018-03-09T09:00:00,10519000.0,10644000.0,9306000.0,10418000.0,1520640003243,359087978449.7945,36119.23291786,10517000.0,-99000.0,-0.0094133308
KRW-BTC,2018-03-10,2018-03-10T09:00:00,10418000.0,10537000.0,9802000.0,9863000.0,1520726402650,173993980170.12576,16901.3779678,10418000.0,-555000.0,-0.053273181
KRW-BTC,2018-03-11,2018-03-11T09:00:00,9863000.0,10636000.0,9552000.0,10520000.0,1520812803112,222910153569.97626,22131.28254155,9863000.0,657000.0,0.0666125925
KRW-BTC,2018-03-12,2018-03-12T09:00:00,10519000.0,10879000.0,9895000.0,10213000.0,1520899203134,243013316061.00055,23224.57971188,10520000.0,-307000.0,-0.0291825095
KRW-BTC,2018-03-13,2018-03-13T09:00:00,10213000.0,10355000.0,9900000.0,10168000.0,1520985603228,163563552693.13174,16134.0145346,10213000.0,-45000.0,-0.004406149
KRW-BTC,2018-03-14,2018-03-14T09:00:00,10167000.0,10265000.0,9000000.0,9153000.0,1521072000537,188527487356.7046,19491.85046288,10168000.0,-1015000.0,-0.099822974
KRW-BTC,2018-03-15,2018-03-15T09:00:00,9141000.0,9300000.0,8438000.0,9115000.0,1521158398414,249635075454.0921,28078.89544603,9153000.0,-38000.0,-0.0041516443
KRW-BTC,2018-03-16,2018-03-16T09:00:00,9115000.0,9310000.0,8763000.0,9095000.0,1521244804532,132742166404.73773,14610.88215893,9115000.0,-20000.0,-0.0021941854
KRW-BTC,2018-03-17,2018-03-17T09:00:00,9095000.0,9150000.0,8521000.0,8667000.0,1521331203641,85560272227.023,9640.05582315,9095000.0,-428000.0,-0.0470588235
KRW-BTC,2018-03-18,2018-03-18T09:00:00,8667000.0,9080000.0,8056000.0,9018000.0,1521417602589,177096093168.42688,20951.81009811,8667000.0,351000.0,0.0404984424
KRW-BTC,2018-03-19,2018-03-19T09:00:00,9018000.0,9755000.0,8870000.0,9718000.0,1521504003732,245419472243.3094,26470.16482589,9018000.0,700000.0,0.0776225327
KRW-BTC,2018-03-20,2018-03-20T09:00:00,9718000.0,9996000.0,9160000.0,9829000.0,1521590403360,196491719564.26718,20520.44702784,9718000.0,111000.0,0.0114221033
KRW-BTC,2018-03-21,2018-03-21T09:00:00,9826000.0,10165000.0,9738000.0,9919000.0,1521676803858,165715121214.27365,16611.83303474,9829000.0,90000.0,0.0091565775
KRW-BTC,2018-03-22,2018-03-22T09:00:00,9919000.0,10050000.0,9505000.0,9783000.0,1521763203582,127016149438.50511,12988.83698289,9919000.0,-136000.0,-0.0137110596
KRW-BTC,2018-03-23,2018-03-23T09:00:00,9779000.0,9850000.0,9253000.0,9847000.0,1521849603529,142667325470.46442,15006.67818287,9783000.0,64000.0,0.0065419605
KRW-BTC,2018-03-24,2018-03-24T09:00:00,9847000.0,10000000.0,9550000.0,9580000.0,1521936002531,165029218994.35327,16804.4057451,9847000.0,-267000.0,-0.0271148573
KRW-BTC,2018-03-25,2018-03-25T09:00:00,9580000.0,9649000.0,9408000.0,9477000.0,1522022401505,105095192622.35017,11031.07579798,9580000.0,-103000.0,-0.0107515658
KRW-BTC,2018-03-26,2018-03-26T09:00:00,9480000.0,9570000.0,8801000.0,9052000.0,1522108801885,127581011940.66682,13942.96366853,9477000.0,-425000.0,-0.0448454152
KRW-BTC,2018-03-27,2018-03-27T09:00:00,9054000.0,9141000.0,8520000.0,8651000.0,1522195202845,125080254901.64694,14209.6371507,9052000.0,-401000.0,-0.0442996023
KRW-BTC,2018-03-28,2018-03-28T09:00:00,8651000.0,8886000.0,8560000.0,8730000.0,1522281604169,86802477741.02734,9953.7299998,8651000.0,79000.0,0.0091318923
KRW-BTC,2018-03-29,2018-03-29T09:00:00,8730000.0,8766000.0,7780000.0,7915000.0,1522368003136,151238051477.14026,18276.83128802,8730000.0,-815000.0,-0.0933562428
KRW-BTC,2018-03-30,2018-03-30T09:00:00,7911000.0,8090000.0,7431000.0,7602000.0,1522454403865,164045187614.0903,21297.75214749,7915000.0,-313000.0,-0.0395451674
KRW-BTC,2018-03-31,2018-03-31T09:00:00,7602000.0,7934000.0,7540000.0,7697000.0,1522540804153,100867346789.22931,13024.44541947,7602000.0,95000.0,0.0124967114
KRW-BTC,2018-04-01,2018-04-01T09:00:00,7688000.0,7774000.0,7087000.0,7482000.0,1522627204113,122342431083.24059,16446.53644957,7697000.0,-215000.0,-0.0279329609
KRW-BTC,2018-04-02,2018-04-02T09:00:00,7486000.0,7851000.0,7390000.0,7710000.0,1522713602549,120687120257.72769,15765.52176574,7482000.0,228000.0,0.0304731355
KRW-BTC,2018-04-03,2018-04-03T09:00:00,7713000.0,8175000.0,7643000.0,8092000.0,1522800003226,167328191097.50308,21006.76635312,7710000.0,382000.0,0.0495460441
KRW-BTC,2018-04-04,2018-04-04T09:00:00,8091000.0,8120000.0,7403000.0,7492000.0,1522886404185,131238696808.84602,16809.36722484,8092000.0,-600000.0,-0.074147306
KRW-BTC,2018-04-05,2018-04-05T09:00:00,7492000.0,7834000.0,7188000.0,7408000.0,1522972804139,242670189046.2861,32381.00201758,7492000.0,-84000.0,-0.0112119594
KRW-BTC,2018-04-06,2018-04-06T09:00:00,7408000.0,7488000.0,7125000.0,7280000.0,1523059202461,68879512444.37962,9428.54399951,7408000.0,-128000.0,-0.0172786177
KRW-BTC,2018-04-07,2018-04-07T09:00:00,7277000.0,7673000.0,7232000.0,7533000.0,1523145601845,91234343725.51886,12182.3813802,7280000.0,253000.0,0.0347527473
KRW-BTC,2018-04-08,2018-04-08T09:00:00,7533000.0,7657000.0,7480000.0,7622000.0,1523232003148,88577530197.90446,11679.05867346,7533000.0,89000.0,0.0118146821
KRW-BTC,2018-04-09,2018-04-09T09:00:00,7621000.0,7752000.0,7290000.0,7450000.0,1523318404631,126574227027.07414,16765.03922053,7622000.0,-172000.0,-0.0225662556
KRW-BTC,2018-04-10,2018-04-10T09:00:00,7449000.0,7468000.0,7263000.0,7428000.0,1523404803114,90344438501.36398,12263.5228475,7450000.0,-22000.0,-0.0029530201
KRW-BTC,2018-04-11,2018-04-11T09:00:00,7428000.0,7483000.0,7351000.0,7429000.0,1523491204318,96697377105.59875,13067.55564243,7428000.0,1000.0,0.0001346257
KRW-BTC,2018-04-12,2018-04-12T09:00:00,7432000.0,8280000.0,7200000.0,8121000.0,1523577604223,316269494560.4542,40389.83330536,7429000.0,692000.0,0.0931484722
KRW-BTC,2018-04-13,2018-04-13T09:00:00,8125000.0,8625000.0,7925000.0,8375000.0,1523664004449,247054211917.69547,29730.02055218,8121000.0,254000.0,0.0312769363
KRW-BTC,2018-04-14,2018-04-14T09:00:00,8375000.0,8575000.0,8120000.0,8350000.0,1523750404190,156797203424.5986,18691.42301782,8375000.0,-25000.0,-0.0029850746
KRW-BTC,2018-04-15,2018-04-15T09:00:00,8349000.0,8710000.0,8250000.0,8663000.0,1523836802988,131664347777.28394,15472.99524881,8350000.0,313000.0,0.0374850299
KRW-BTC,2018-04-16,2018-04-16T09:00:00,8665000.0,8840000.0,8449000.0,8663000.0,1523923204766,148012520660.67407,17194.39323556,8663000.0,,0.0
KRW-BTC,2018-04-17,2018-04-17T09:00:00,8663000.0,8704000.0,8360000.0,8450000.0,1524009604922,211660883356.34955,24694.92021697,8663000.0,-213000.0,-0.0245873254
KRW-BTC,2018-04-18,2018-04-18T09:00:00,8450000.0,8679000.0,8445000.0,8652000.0,1524096005221,177084737091.46255,20637.8768936,8450000.0,202000.0,0.0239053254
KRW-BTC,2018-04-19,2018-04-19T09:00:00,8652000.0,8999000.0,8601000.0,8994000.0,1524182405060,253644393790.00677,28767.85905612,8652000.0,342000.0,0.0395284327
KRW-BTC,2018-04-20,2018-04-20T09:00:00,8994000.0,9666000.0,8710000.0,9552000.0,1524268804742,232623032866.6231,25528.47959504,8994000.0,558000.0,0.0620413609
KRW-BTC,2018-04-21,2018-04-21T09:00:00,9552000.0,9845000.0,9285000.0,9735000.0,1524355205371,177162045379.61438,18553.75599688,9552000.0,183000.0,0.0191582915
KRW-BTC,2018-04-22,2018-04-22T09:00:00,9735000.0,9757000.0,9500000.0,9602000.0,1524441605310,121047685659.1874,12583.32708627,9735000.0,-133000.0,-0.0136620442
KRW-BTC,2018-04-23,2018-04-23T09:00:00,9602000.0,9771000.0,9530000.0,9760000.0,1524528004979,124792552711.50038,12885.92089887,9602000.0,158000.0,0.0164549052
KRW-BTC,2018-04-24,2018-04-24T09:00:00,9758000.0,10670000.0,9730000.0,10505000.0,1524614405450,235821532415.81827,23344.4840328,9760000.0,745000.0,0.0763319672
KRW-BTC,2018-04-25,2018-04-25T09:00:00,10505000.0,10755000.0,9723000.0,9829000.0,1524700805614,262214242080.33646,25689.72597052,10505000.0,-676000.0,-0.0643503094
KRW-BTC,2018-04-26,2018-04-26T09:00:00,9829000.0,10508000.0,9510000.0,10130000.0,1524787205255,218685659196.67456,22295.30584657,9829000.0,301000.0,0.0306236647
KRW-BTC,2018-04-27,2018-04-27T09:00:00,10130000.0,10200000.0,9778000.0,9819000.0,1524873605421,176388411503.23834,17528.43197899,10130000.0,-311000.0,-0.0307008885
KRW-BTC,2018-04-28,2018-04-28T09:00:00,9821000.0,10118000.0,9750000.0,10043000.0,1524960005292,121743481137.66089,12164.64763884,9819000.0,224000.0,0.0228129137
KRW-BTC,2018-04-29,2018-04-29T09:00:00,10043000.0,10256000.0,9894000.0,10187000.0,1525046403000,150206350508.26474,14834.01522815,10043000.0,144000.0,0.0143383451
KRW-BTC,2018-04-30,2018-04-30T09:00:00,10187000.0,10292000.0,9934000.0,10138000.0,1525132804146,150445687889.79968,14851.10015753,10187000.0,-49000.0,-0.004810052
KRW-BTC,2018-05-01,2018-05-01T09:00:00,10135000.0,10144000.0,9740000.0,9896000.0,1525219198776,152795886765.37103,15399.91370228,10138000.0,-242000.0,-0.0238705859
KRW-BTC,2018-05-02,2018-05-02T09:00:00,9896000.0,10078000.0,9811000.0,10032000.0,1525305605739,117882417036.4124,11828.98111498,9896000.0,136000.0,0.0137429264
KRW-BTC,2018-05-03,2018-05-03T09:00:00,10032000.0,10785000.0,10010000.0,10683000.0,1525392004403,208675848181.56223,20391.11856627,10032000.0,651000.0,0.0648923445
KRW-BTC,2018-05-04,2018-05-04T09:00:00,10670000.0,10901000.0,10500000.0,10645000.0,1525478404448,133814513969.93172,12582.44048262,10683000.0,-38000.0,-0.0035570533
KRW-BTC,2018-05-05,2018-05-05T09:00:00,10645000.0,10907000.0,10621000.0,10820000.0,1525564804485,103069640740.38638,9581.87522246,10645000.0,175000.0,0.016439643
KRW-BTC,2018-05-06,2018-05-06T09:00:00,10820000.0,10963000.0,10500000.0,10684000.0,1525651205843,94436279577.79558,8806.00591903,10820000.0,-136000.0,-0.0125693161
KRW-BTC,2018-05-07,2018-05-07T09:00:00,10684000.0,10721000.0,10264000.0,10422000.0,1525737604866,84745378279.00043,8143.48490464,10684000.0,-262000.0,-0.0245226507
KRW-BTC,2018-05-08,2018-05-08T09:00:00,10439000.0,10499000.0,10130000.0,10233000.0,1525824006169,78939835695.70612,7651.23404175,10422000.0,-189000.0,-0.018134715
KRW-BTC,2018-05-09,2018-05-09T09:00:00,10230000.0,10433000.0,9917000.0,10405000.0,1525910406426,101378937934.76323,9955.39479461,10233000.0,172000.0,0.0168083651
KRW-BTC,2018-05-10,2018-05-10T09:00:00,10405000.0,10474000.0,9895000.0,9976000.0,1525996806325,93275451569.68932,9077.78269458,10405000.0,-429000.0,-0.0412301778
KRW-BTC,2018-05-11,2018-05-11T09:00:00,9976000.0,9985000.0,8788000.0,9256000.0,1526083205908,199207644320.68726,20997.66993227,9976000.0,-720000.0,-0.0721732157
KRW-BTC,2018-05-12,2018-05-12T09:00:00,9257000.0,9644000.0,9014000.0,9481000.0,1526169606411,102591046951.7613,10980.18990988,9256000.0,225000.0,0.0243085566
KRW-BTC,2018-05-13,2018-05-13T09:00:00,9480000.0,9851000.0,9360000.0,9803000.0,1526256004669,81838304671.07578,8513.44899868,9481000.0,322000.0,0.0339626622
KRW-BTC,2018-05-14,2018-05-14T09:00:00,9804000.0,9935000.0,9400000.0,9797000.0,1526342406131,124034606903.58357,12813.13382791,9803000.0,-6000.0,-0.0006120575
KRW-BTC,2018-05-15,2018-05-15T09:00:00,9802000.0,9879000.0,9458000.0,9500000.0,1526428806285,80714050266.3245,8325.82703617,9797000.0,-297000.0,-0.0303154027
KRW-BTC,2018-05-16,2018-05-16T09:00:00,9500000.0,9542000.0,9015000.0,9297000.0,1526515206097,113015017992.22574,12218.79341156,9500000.0,-203000.0,-0.0213684211
KRW-BTC,2018-05-17,2018-05-17T09:00:00,9297000.0,9390000.0,9020000.0,9090000.0,1526601605246,63909130322.47995,6921.98679007,9297000.0,-207000.0,-0.0222652469
KRW-BTC,2018-05-18,2018-05-18T09:00:00,9072000.0,9186000.0,8881000.0,9165000.0,1526688006777,53233771175.10834,5904.08097087,9090000.0,75000.0,0.0082508251
KRW-BTC,2018-05-19,2018-05-19T09:00:00,9165000.0,9299000.0,9068000.0,9112000.0,1526774404048,57548357609.8002,6285.06750236,9165000.0,-53000.0,-0.0057828696
KRW-BTC,2018-05-20,2018-05-20T09:00:00,9112000.0,9398000.0,9051000.0,9370000.0,1526860804898,45169962150.05477,4901.03255016,9112000.0,258000.0,0.0283143108
KRW-BTC,2018-05-21,2018-05-21T09:00:00,9370000.0,9439000.0,9279000.0,9345000.0,1526947189831,44399589675.22824,4741.95012493,9370000.0,-25000.0,-0.0026680896
KRW-BTC,2018-05-22,2018-05-22T09:00:00,9345000.0,9356000.0,8931000.0,8940000.0,1527033606115,45871812674.70519,4999.60324703,9345000.0,-405000.0,-0.0433386838
KRW-BTC,2018-05-23,2018-05-23T09:00:00,8940000.0,9020000.0,8433000.0,8483000.0,1527120005790,71269244524.02399,8085.0532098,8940000.0,-457000.0,-0.0511185682
KRW-BTC,2018-05-24,2018-05-24T09:00:00,8483000.0,8767000.0,8185000.0,8415000.0,1527206406397,73928834982.35529,8771.34270455,8483000.0,-68000.0,-0.0080160321
KRW-BTC,2018-05-25,2018-05-25T09:00:00,8415000.0,8480000.0,8180000.0,8317000.0,1527292804940,35876549723.33502,4317.19540355,8415000.0,-98000.0,-0.0116458705
KRW-BTC,2018-05-26,2018-05-26T09:00:00,8317000.0,8420000.0,8122000.0,8162000.0,1527379203064,25693093104.7013,3099.59149706,8317000.0,-155000.0,-0.0186365276
KRW-BTC,2018-05-27,2018-05-27T09:00:00,8162000.0,8216000.0,8040000.0,8182000.0,1527465603465,21410944206.51575,2635.09988761,8162000.0,20000.0,0.0024503798
KRW-BTC,2018-05-28,2018-05-28T09:00:00,8182000.0,8261000.0,7858000.0,7903000.0,1527552006168,47889340053.91693,5922.32658056,8182000.0,-279000.0,-0.0340992422
KRW-BTC,2018-05-29,2018-05-29T09:00:00,7903000.0,8360000.0,7813000.0,8299000.0,1527638404407,54079954310.94927,6682.61704253,7903000.0,396000.0,0.0501075541
KRW-BTC,2018-05-30,2018-05-30T09:00:00,8300000.0,8436000.0,8100000.0,8207000.0,1527724801437,56062998960.04118,6755.11057646,8299000.0,-92000.0,-0.011085673
KRW-BTC,2018-05-31,2018-05-31T09:00:00,8198000.0,8375000.0,8110000.0,8282000.0,1527811206423,41199561908.61046,4978.12880286,8207000.0,75000.0,0.0091385403
KRW-BTC,2018-06-01,2018-06-01T09:00:00,8278000.0,8370000.0,8139000.0,8282000.0,1527897602585,30985647855.544,3751.37371919,8282000.0,,0.0
KRW-BTC,2018-06-02,2018-06-02T09:00:00,8282000.0,8425000.0,8211000.0,8339000.0,1527984005184,29631281616.29864,3557.44198334,8282000.0,57000.0,0.0068823956
KRW-BTC,2018-06-03,2018-06-03T09:00:00,8338000.0,8443000.0,8297000.0,8419000.0,1528070405805,31491017081.69533,3755.93937776,8339000.0,80000.0,0.0095934764
KRW-BTC,2018-06-04,2018-06-04T09:00:00,8419000.0,8477000.0,8206000.0,8248000.0,1528156803977,30073576203.69768,3615.54200858,8419000.0,-171000.0,-0.0203112009
KRW-BTC,2018-06-05,2018-06-05T09:00:00,8241000.0,8400000.0,8130000.0,8360000.0,1528243202543,30574008152.5506,3715.39795807,8248000.0,112000.0,0.0135790495
KRW-BTC,2018-06-06,2018-06-06T09:00:00,8359000.0,8400000.0,8208000.0,8359000.0,1528329606482,27751918926.98776,3334.03058018,8360000.0,-1000.0,-0.0001196172
KRW-BTC,2018-06-07,2018-06-07T09:00:00,8358000.0,8490000.0,8330000.0,8375000.0,1528415997870,28772117046.82323,3432.43923415,8359000.0,16000.0,0.0019141046
KRW-BTC,2018-06-08,2018-06-08T09:00:00,8375000.0,8385000.0,8268000.0,8341000.0,1528502405960,22361068528.87662,2685.93901923,8375000.0,-34000.0,-0.0040597015
KRW-BTC,2018-06-09,2018-06-09T09:00:00,8341000.0,8370000.0,8205000.0,8233000.0,1528588803021,13807141637.38603,1658.39383848,8341000.0,-108000.0,-0.0129480878
KRW-BTC,2018-06-10,2018-06-10T09:00:00,8233000.0,8247000.0,7425000.0,7576000.0,1528675205979,58198185181.56478,7445.15112262,8233000.0,-657000.0,-0.0798008017
KRW-BTC,2018-06-11,2018-06-11T09:00:00,7576000.0,7662000.0,7362000.0,7635000.0,1528761605772,32342844908.58467,4309.230986,7576000.0,59000.0,0.0077877508
KRW-BTC,2018-06-12,2018-06-12T09:00:00,7635000.0,7685000.0,7270000.0,7350000.0,1528848005793,37952946026.02549,5044.24648135,7635000.0,-285000.0,-0.0373280943
KRW-BTC,2018-06-13,2018-06-13T09:00:00,7350000.0,7390000.0,6951000.0,7040000.0,1528934404786,35453527846.16827,4943.24050185,7350000.0,-310000.0,-0.0421768707
KRW-BTC,2018-06-14,2018-06-14T09:00:00,7039000.0,7380000.0,6977000.0,7355000.0,1529020804801,46891272332.02168,6511.9470463,7040000.0,315000.0,0.0447443182
KRW-BTC,2018-06-15,2018-06-15T09:00:00,7363000.0,7399000.0,7151000.0,7180000.0,1529107200867,24092415996.67304,3302.08916025,7355000.0,-175000.0,-0.0237933379
KRW-BTC,2018-06-16,2018-06-16T09:00:00,7180000.0,7336000.0,7116000.0,7277000.0,1529193603343,14662383632.77435,2031.22860933,7180000.0,97000.0,0.0135097493
KRW-BTC,2018-06-17,2018-06-17T09:00:00,7275000.0,7329000.0,7206000.0,7218000.0,1529279998160,10927666173.81766,1502.42292843,7277000.0,-59000.0,-0.0081077367
KRW-BTC,2018-06-18,2018-06-18T09:00:00,7231000.0,7550000.0,7135000.0,7461000.0,1529366405600,22285457937.4941,3050.85296824,7218000.0,243000.0,0.0336658354
KRW-BTC,2018-06-19,2018-06-19T09:00:00,7461000.0,7649000.0,7370000.0,7553000.0,1529452796384,28804682229.34449,3830.01250877,7461000.0,92000.0,0.0123307868
KRW-BTC,2018-06-20,2018-06-20T09:00:00,7553000.0,7594000.0,7110000.0,7538000.0,1529539203584,42569533207.24383,5808.17313215,7553000.0,-15000.0,-0.0019859658
KRW-BTC,2018-06-21,2018-06-21T09:00:00,7538000.0,7580000.0,7445000.0,7511000.0,1529625604638,23106255437.47773,3078.51433366,7538000.0,-27000.0,-0.003581852
KRW-BTC,2018-06-22,2018-06-22T09:00:00,7511000.0,7537000.0,6870000.0,6962000.0,1529712001168,49553362438.12265,6852.56894387,7511000.0,-549000.0,-0.0730927972
KRW-BTC,2018-06-23,2018-06-23T09:00:00,6965000.0,7100000.0,6845000.0,7030000.0,1529798404937,21493652923.16193,3078.68993934,6962000.0,68000.0,0.0097673082
KRW-BTC,2018-06-24,2018-06-24T09:00:00,7030000.0,7144000.0,6622000.0,6992000.0,1529884802507,36910107013.7823,5399.26649924,7030000.0,-38000.0,-0.0054054054
KRW-BTC,2018-06-25,2018-06-25T09:00:00,6985000.0,7129000.0,6861000.0,7036000.0,1529971204427,30892837730.05834,4418.75854986,6992000.0,44000.0,0.0062929062
KRW-BTC,2018-06-26,2018-06-26T09:00:00,7034000.0,7070000.0,6861000.0,6900000.0,1530057602744,21953994618.78506,3141.53841943,7036000.0,-136000.0,-0.0193291643
KRW-BTC,2018-06-27,2018-06-27T09:00:00,6894000.0,6970000.0,6830000.0,6925000.0,1530144004497,21055052322.02451,3051.01947771,6900000.0,25000.0,0.0036231884
KRW-BTC,2018-06-28,2018-06-28T09:00:00,6925000.0,6965000.0,6649000.0,6682000.0,1530230404899,18234794914.82239,2655.94861923,6925000.0,-243000.0,-0.0350902527
KRW-BTC,2018-06-29,2018-06-29T09:00:00,6671000.0,7078000.0,6590000.0,6958000.0,1530316800017,24293395792.72123,3607.75854253,6682000.0,276000.0,0.0413049985
KRW-BTC,2018-06-30,2018-06-30T09:00:00,6958000.0,7290000.0,6950000.0,7164000.0,1530403203921,37267746906.35908,5213.79828927,6958000.0,206000.0,0.0296062087
KRW-BTC,2018-07-01,2018-07-01T09:00:00,7164000.0,7212000.0,7002000.0,7109000.0,1530489604308,22440527345.26462,3151.10448153,7164000.0,-55000.0,-0.0076772753
KRW-BTC,2018-07-02,2018-07-02T09:00:00,7109000.0,7358000.0,7024000.0,7297000.0,1530576003697,42865998436.10013,5925.85399143,7109000.0,188000.0,0.026445351
KRW-BTC,2018-07-03,2018-07-03T09:00:00,7289000.0,7399000.0,7231000.0,7298000.0,1530662402963,38445121264.07016,5239.81753579,7297000.0,1000.0,0.0001370426
KRW-BTC,2018-07-04,2018-07-04T09:00:00,7298000.0,7500000.0,7104000.0,7329000.0,1530748804544,36427212533.30592,4984.70182867,7298000.0,31000.0,0.0042477391
KRW-BTC,2018-07-05,2018-07-05T09:00:00,7329000.0,7445000.0,7270000.0,7377000.0,1530835200516,31508927550.17927,4272.33855027,7329000.0,48000.0,0.0065493246
KRW-BTC,2018-07-06,2018-07-06T09:00:00,7377000.0,7488000.0,7282000.0,7480000.0,1530921604098,39581194328.88056,5355.98766532,7377000.0,103000.0,0.0139623153
KRW-BTC,2018-07-07,2018-07-07T09:00:00,7480000.0,7638000.0,7361000.0,7550000.0,1531008002576,15484116511.70392,2077.59204362,7480000.0,70000.0,0.0093582888
KRW-BTC,2018-07-08,2018-07-08T09:00:00,7564000.0,7585000.0,7450000.0,7516000.0,1531094376330,21068399561.74593,2801.16193621,7550000.0,-34000.0,-0.0045033113
KRW-BTC,2018-07-09,2018-07-09T09:00:00,7515000.0,7623000.0,7451000.0,7474000.0,1531180802682,27893238457.68735,3713.61975808,7516000.0,-42000.0,-0.0055880788
KRW-BTC,2018-07-10,2018-07-10T09:00:00,7474000.0,7518000.0,7127000.0,7140000.0,1531267198047,38071008837.18583,5199.60476183,7474000.0,-334000.0,-0.0446882526
KRW-BTC,2018-07-11,2018-07-11T09:00:00,7141000.0,7269000.0,7110000.0,7226000.0,1531353597308,28194990186.3081,3913.795349,7140000.0,86000.0,0.0120448179
KRW-BTC,2018-07-12,2018-07-12T09:00:00,7227000.0,7230000.0,6941000.0,7090000.0,1531440003068,26333567342.26757,3724.82852502,7226000.0,-136000.0,-0.0188209244
KRW-BTC,2018-07-13,2018-07-13T09:00:00,7094000.0,7165000.0,6973000.0,7054000.0,1531526404608,26379295130.73169,3729.95994294,7090000.0,-36000.0,-0.005077574
KRW-BTC,2018-07-14,2018-07-14T09:00:00,7054000.0,7160000.0,7036000.0,7109000.0,1531612797015,14008581891.6733,1978.79800196,7054000.0,55000.0,0.0077969946
KRW-BTC,2018-07-15,2018-07-15T09:00:00,7109000.0,7226000.0,7088000.0,7178000.0,1531699202703,17095281208.52791,2385.70929754,7109000.0,69000.0,0.0097060065
KRW-BTC,2018-07-16,2018-07-16T09:00:00,7179000.0,7468000.0,7140000.0,7454000.0,1531785604070,45460277464.92213,6215.79333942,7178000.0,276000.0,0.038450822
KRW-BTC,2018-07-17,2018-07-17T09:00:00,7454000.0,8140000.0,7419000.0,8080000.0,1531872003561,68446683083.69896,8866.81669526,7454000.0,626000.0,0.0839817548
KRW-BTC,2018-07-18,2018-07-18T09:00:00,8080000.0,8450000.0,8071000.0,8302000.0,1531958404129,76253964448.4235,9226.44969555,8080000.0,222000.0,0.0274752475
KRW-BTC,2018-07-19,2018-07-19T09:00:00,8292000.0,8512000.0,8157000.0,8443000.0,1532044804576,50624771672.0089,6091.92994513,8302000.0,141000.0,0.0169838593
KRW-BTC,2018-07-20,2018-07-20T09:00:00,8443000.0,8671000.0,8300000.0,8351000.0,1532131205347,63135854963.9677,7480.68995162,8443000.0,-92000.0,-0.0108966007
KRW-BTC,2018-07-21,2018-07-21T09:00:00,8351000.0,8387000.0,8185000.0,8367000.0,1532217603482,28298722219.61907,3409.02111567,8351000.0,16000.0,0.0019159382
KRW-BTC,2018-07-22,2018-07-22T09:00:00,8367000.0,8530000.0,8270000.0,8349000.0,1532304004894,32451010552.14465,3853.45997189,8367000.0,-18000.0,-0.0021513087
KRW-BTC,2018-07-23,2018-07-23T09:00:00,8347000.0,8844000.0,8275000.0,8752000.0,1532390405479,85355562871.49326,9851.82951569,8349000.0,403000.0,0.0482692538
KRW-BTC,2018-07-24,2018-07-24T09:00:00,8752000.0,9525000.0,8701000.0,9452000.0,1532476805448,150323681666.352,16483.79995859,8752000.0,700000.0,0.0799817185
KRW-BTC,2018-07-25,2018-07-25T09:00:00,9458000.0,9578000.0,9054000.0,9158000.0,1532563204892,104663557067.26813,11238.21728445,9452000.0,-294000.0,-0.0311045281
KRW-BTC,2018-07-26,2018-07-26T09:00:00,9158000.0,9299000.0,8815000.0,8950000.0,1532649604847,70520276838.66537,7716.0562582,9158000.0,-208000.0,-0.0227123826
KRW-BTC,2018-07-27,2018-07-27T09:00:00,8950000.0,9259000.0,8780000.0,9122000.0,1532736005108,90182962072.15744,10051.36343373,8950000.0,172000.0,0.0192178771
KRW-BTC,2018-07-28,2018-07-28T09:00:00,9138000.0,9229000.0,9064000.0,9225000.0,1532822405535,35925663624.52046,3917.2811502,9122000.0,103000.0,0.0112913835
KRW-BTC,2018-07-29,2018-07-29T09:00:00,9229000.0,9310000.0,9153000.0,9238000.0,1532908805150,38024462760.96575,4119.53145198,9225000.0,13000.0,0.0014092141
KRW-BTC,2018-07-30,2018-07-30T09:00:00,9238000.0,9280000.0,8955000.0,9270000.0,1532995205451,50449604575.65224,5498.91600049,9238000.0,32000.0,0.0034639532
KRW-BTC,2018-07-31,2018-07-31T09:00:00,9270000.0,9278000.0,8690000.0,8800000.0,1533081602111,80229043588.81412,8921.98646091,9270000.0,-470000.0,-0.0507011866
KRW-BTC,2018-08-01,2018-08-01T09:00:00,8807000.0,8844000.0,8548000.0,8726000.0,1533081600000,52212740816.23962,6033.26071739,8800000.0,-74000.0,-0.0084090909
KRW-BTC,2018-08-02,2018-08-02T09:00:00,8725000.0,8940000.0,8626000.0,8731000.0,1533254404709,55220834823.04908,6310.22735019,8726000.0,5000.0,0.0005730002
KRW-BTC,2018-08-03,2018-08-03T09:00:00,8730000.0,8730000.0,8372000.0,8508000.0,1533340805197,52194607453.1399,6142.54285504,8731000.0,-223000.0,-0.0255411751
KRW-BTC,2018-08-04,2018-08-04T09:00:00,8508000.0,8610000.0,8000000.0,8074000.0,1533427199470,43253413179.65695,5211.46198607,8508000.0,-434000.0,-0.0510108134
KRW-BTC,2018-08-05,2018-08-05T09:00:00,8074000.0,8181000.0,7915000.0,8077000.0,1533513604664,28833153215.93532,3578.83736395,8074000.0,3000.0,0.000371563
KRW-BTC,2018-08-06,2018-08-06T09:00:00,8075000.0,8200000.0,7900000.0,7982000.0,1533600002739,30597433154.32253,3802.49007138,8077000.0,-95000.0,-0.0117617927
KRW-BTC,2018-08-07,2018-08-07T09:00:00,7973000.0,8190000.0,7750000.0,7760000.0,1533686404540,47355068348.96838,5910.20815105,7982000.0,-222000.0,-0.0278125783
KRW-BTC,2018-08-08,2018-08-08T09:00:00,7760000.0,7766000.0,7217000.0,7308000.0,1533772805103,59847789627.6061,7975.33732224,7760000.0,-452000.0,-0.0582474227
KRW-BTC,2018-08-09,2018-08-09T09:00:00,7310000.0,7644000.0,7203000.0,7543000.0,1533859203699,47072146232.22284,6342.05809593,7308000.0,235000.0,0.0321565408
KRW-BTC,2018-08-10,2018-08-10T09:00:00,7546000.0,7608000.0,7100000.0,7230000.0,1533945603153,42724349302.02549,5780.775775,7543000.0,-313000.0,-0.0414954262
KRW-BTC,2018-08-11,2018-08-11T09:00:00,7227000.0,7590000.0,7127000.0,7325000.0,1534032002426,36885101190.69186,5066.85216567,7230000.0,95000.0,0.0131396957
KRW-BTC,2018-08-12,2018-08-12T09:00:00,7325000.0,7540000.0,7279000.0,7395000.0,1534118404228,19827538898.01326,2682.39145374,7325000.0,70000.0,0.009556314
KRW-BTC,2018-08-13,2018-08-13T09:00:00,7396000.0,7637000.0,7288000.0,7387000.0,1534118400000,42619588027.32103,5711.07392516,7395000.0,-8000.0,-0.001081812
KRW-BTC,2018-08-14,2018-08-14T09:00:00,7386000.0,7386000.0,6960000.0,7233000.0,1534291205092,57122910971.27044,8027.8392352,7387000.0,-154000.0,-0.0208474347
KRW-BTC,2018-08-15,2018-08-15T09:00:00,7233000.0,7600000.0,7206000.0,7332000.0,1534377599762,52927582230.33734,7158.7926917,7233000.0,99000.0,0.0136872667
KRW-BTC,2018-08-16,2018-08-16T09:00:00,7332000.0,7487000.0,7260000.0,7337000.0,1534464002890,39186068019.09694,5318.93470139,7332000.0,5000.0,0.0006819422
KRW-BTC,2018-08-17,2018-08-17T09:00:00,7338000.0,7526000.0,7306000.0,7496000.0,1534550405175,49515097451.1836,6653.00143771,7337000.0,159000.0,0.0216709827
KRW-BTC,2018-08-18,2018-08-18T09:00:00,7500000.0,7579000.0,7288000.0,7391000.0,1534636777868,34269405733.09717,4615.70442766,7496000.0,-105000.0,-0.0140074707
KRW-BTC,2018-08-19,2018-08-19T09:00:00,7393000.0,7498000.0,7310000.0,7431000.0,1534723202506,21644401605.22686,2928.96262117,7391000.0,40000.0,0.0054119876
KRW-BTC,2018-08-20,2018-08-20T09:00:00,7432000.0,7469000.0,7244000.0,7255000.0,1534809605114,30970843739.75834,4187.21791451,7431000.0,-176000.0,-0.0236845647
KRW-BTC,2018-08-21,2018-08-21T09:00:00,7255000.0,7430000.0,7240000.0,7375000.0,1534871313754,22288720074.33495,3037.60961801,7255000.0,120000.0,0.016540317
KRW-BTC,2018-08-22,2018-08-22T09:00:00,7375000.0,7751000.0,7187000.0,7289000.0,1534896000000,57175275723.90914,7591.8134609,7375000.0,-86000.0,-0.0116610169
KRW-BTC,2018-08-23,2018-08-23T09:00:00,7286000.0,7500000.0,7285000.0,7439000.0,1534982400000,26955047058.1944,3662.1835859,7289000.0,150000.0,0.0205789546
KRW-BTC,2018-08-24,2018-08-24T09:00:00,7440000.0,7593000.0,7368000.0,7561000.0,1535068800000,27968267658.12201,3754.38179566,7439000.0,122000.0,0.0164000538
KRW-BTC,2018-08-25,2018-08-25T09:00:00,7564000.0,7683000.0,7521000.0,7604000.0,1535241600079,26486222593.9864,3491.70337305,7561000.0,43000.0,0.0056870784
KRW-BTC,2018-08-26,2018-08-26T09:00:00,7604000.0,7637000.0,7450000.0,7547000.0,1535327969127,21280969843.32656,2824.38421929,7604000.0,-57000.0,-0.0074960547
KRW-BTC,2018-08-27,2018-08-27T09:00:00,7547000.0,7725000.0,7490000.0,7688000.0,1535414399590,31245125577.7761,4134.98191712,7547000.0,141000.0,0.0186829204
KRW-BTC,2018-08-28,2018-08-28T09:00:00,7688000.0,7886000.0,7654000.0,7839000.0,1535500797224,38693273429.00857,4988.81989282,7688000.0,151000.0,0.019640999
KRW-BTC,2018-08-29,2018-08-29T09:00:00,7838000.0,7938000.0,7723000.0,7825000.0,1535500800000,38559027707.80889,4912.14169962,7839000.0,-14000.0,-0.0017859421
KRW-BTC,2018-08-30,2018-08-30T09:00:00,7825000.0,7910000.0,7672000.0,7856000.0,1535673596460,37319319426.02783,4799.95478085,7825000.0,31000.0,0.0039616613
KRW-BTC,2018-08-31,2018-08-31T09:00:00,7844000.0,7915000.0,7749000.0,7865000.0,1535759997980,36718712180.54884,4687.30105795,7856000.0,9000.0,0.0011456212
KRW-BTC,2018-09-01,2018-09-01T09:00:00,7865000.0,8009000.0,7844000.0,8001000.0,1535760000000,34375386341.20901,4338.01207477,7865000.0,136000.0,0.0172917991
KRW-BTC,2018-09-02,2018-09-02T09:00:00,8000000.0,8169000.0,7932000.0,8113000.0,1535846400000,35986068849.0965,4460.52710093,8001000.0,112000.0,0.0139982502
KRW-BTC,2018-09-03,2018-09-03T09:00:00,8114000.0,8160000.0,8043000.0,8125000.0,1535932800000,25904388274.55882,3198.85155079,8113000.0,12000.0,0.0014791076
KRW-BTC,2018-09-04,2018-09-04T09:00:00,8116000.0,8279000.0,8111000.0,8271000.0,1536019200000,31253351748.15389,3811.85788263,8125000.0,146000.0,0.0179692308
KRW-BTC,2018-09-05,2018-09-05T09:00:00,8271000.0,8333000.0,7687000.0,7699000.0,1536105600000,62459759557.79113,7761.44133104,8271000.0,-572000.0,-0.0691572966
KRW-BTC,2018-09-06,2018-09-06T09:00:00,7698000.0,7718000.0,7264000.0,7523000.0,1536192000000,57708418700.40115,7776.42498652,7699000.0,-176000.0,-0.0228601117
KRW-BTC,2018-09-07,2018-09-07T09:00:00,7522000.0,7543000.0,7292000.0,7382000.0,1536278400000,31207926938.16083,4198.8008613,7523000.0,-141000.0,-0.0187425229
KRW-BTC,2018-09-08,2018-09-08T09:00:00,7391000.0,7439000.0,7110000.0,7206000.0,1536364800000,21083974349.89717,2881.52639575,7382000.0,-176000.0,-0.0238417773
KRW-BTC,2018-09-09,2018-09-09T09:00:00,7206000.0,7437000.0,7131000.0,7232000.0,1536451200000,24219366134.95087,3330.24379869,7206000.0,26000.0,0.0036081044
KRW-BTC,2018-09-10,2018-09-10T09:00:00,7232000.0,7348000.0,7198000.0,7274000.0,1536537600000,22419048457.83869,3089.33223454,7232000.0,42000.0,0.0058075221
KRW-BTC,2018-09-11,2018-09-11T09:00:00,7275000.0,7350000.0,7126000.0,7239000.0,1536624000000,24572480949.58474,3392.11803014,7274000.0,-35000.0,-0.004811658
KRW-BTC,2018-09-12,2018-09-12T09:00:00,7242000.0,7289000.0,7155000.0,7234000.0,1536710400000,28833461619.81044,3994.11931681,7239000.0,-5000.0,-0.0006907031
KRW-BTC,2018-09-13,2018-09-13T09:00:00,7238000.0,7399000.0,7233000.0,7355000.0,1536883197396,29538754836.37971,4029.70108465,7234000.0,121000.0,0.016726569
KRW-BTC,2018-09-14,2018-09-14T09:00:00,7355000.0,7504000.0,7261000.0,7359000.0,1536883200000,32402972263.27593,4397.95749188,7355000.0,4000.0,0.0005438477
KRW-BTC,2018-09-15,2018-09-15T09:00:00,7361000.0,7397000.0,7320000.0,7363000.0,1537055999613,16251306528.37896,2206.71646834,7359000.0,4000.0,0.0005435521
KRW-BTC,2018-09-16,2018-09-16T09:00:00,7365000.0,7386000.0,7250000.0,7356000.0,1537142399222,21546431123.47827,2939.07928986,7363000.0,-7000.0,-0.0009506994
KRW-BTC,2018-09-17,2018-09-17T09:00:00,7356000.0,7373000.0,7128000.0,7191000.0,1537142400000,32986348073.76501,4535.64958686,7356000.0,-165000.0,-0.0224306688
KRW-BTC,2018-09-18,2018-09-18T09:00:00,7192000.0,7283000.0,7134000.0,7234000.0,1537228800000,29178284487.21652,4053.11354921,7191000.0,43000.0,0.0059796968
KRW-BTC,2018-09-19,2018-09-19T09:00:00,7234000.0,7388000.0,7010000.0,7245000.0,1537401600089,31042943583.09574,4306.69728981,7234000.0,11000.0,0.0015205972
KRW-BTC,2018-09-20,2018-09-20T09:00:00,7250000.0,7364000.0,7190000.0,7311000.0,1537401600000,33174326631.62673,4570.14222037,7245000.0,66000.0,0.0091097308
KRW-BTC,2018-09-21,2018-09-21T09:00:00,7311000.0,7596000.0,7287000.0,7537000.0,1537488000000,71329466429.49927,9545.78162275,7311000.0,226000.0,0.0309123239
KRW-BTC,2018-09-22,2018-09-22T09:00:00,7537000.0,7636000.0,7425000.0,7540000.0,1537574400000,36611321982.49284,4866.23755949,7539000.0,1000.0,0.0001326436
KRW-BTC,2018-09-23,2018-09-23T09:00:00,7539000.0,7600000.0,7450000.0,7500000.0,1537747190563,31738538695.06925,4216.92509274,7540000.0,-40000.0,-0.0053050398
KRW-BTC,2018-09-24,2018-09-24T09:00:00,7500000.0,7547000.0,7407000.0,7430000.0,1537747200000,22738698842.47596,3046.33250681,7500000.0,-70000.0,-0.0093333333
KRW-BTC,2018-09-25,2018-09-25T09:00:00,7428000.0,7439000.0,7241000.0,7299000.0,1537833600000,34503898776.90172,4725.14731707,7430000.0,-131000.0,-0.0176312248
KRW-BTC,2018-09-26,2018-09-26T09:00:00,7299000.0,7392000.0,7259000.0,7300000.0,1537920000000,28697315885.20068,3921.98120692,7299000.0,1000.0,0.0001370051
KRW-BTC,2018-09-27,2018-09-27T09:00:00,7300000.0,7490000.0,7261000.0,7447000.0,1538092799947,29562427626.61729,4027.10107711,7300000.0,147000.0,0.0201369863
KRW-BTC,2018-09-28,2018-09-28T09:00:00,7447000.0,7551000.0,7339000.0,7408000.0,1538179198171,40311237728.94514,5408.47953602,7447000.0,-39000.0,-0.0052370082
KRW-BTC,2018-09-29,2018-09-29T09:00:00,7408000.0,7410000.0,7280000.0,7360000.0,1538265599760,23817952485.32884,3246.00594677,7408000.0,-48000.0,-0.0064794816
KRW-BTC,2018-09-30,2018-09-30T09:00:00,7360000.0,7418000.0,7327000.0,7393000.0,1538351998003,23299373206.16943,3162.07598214,7360000.0,33000.0,0.0044836957
KRW-BTC,2018-10-01,2018-10-01T09:00:00,7394000.0,7449000.0,7280000.0,7375000.0,1538438378231,31921258985.45116,4331.49181371,7393000.0,-18000.0,-0.0024347356
KRW-BTC,2018-10-02,2018-10-02T09:00:00,7374000.0,7414000.0,7337000.0,7369000.0,1538524800059,26011699053.6188,3525.16031441,7375000.0,-6000.0,-0.0008135593
KRW-BTC,2018-10-03,2018-10-03T09:00:00,7369000.0,7393000.0,7299000.0,7386000.0,1538611189224,22451100875.946,3057.96001967,7369000.0,17000.0,0.0023069616
KRW-BTC,2018-10-04,2018-10-04T09:00:00,7385000.0,7499000.0,7362000.0,7481000.0,1538697587034,25090339901.40923,3366.9757101,7386000.0,95000.0,0.0128621717
KRW-BTC,2018-10-05,2018-10-05T09:00:00,7481000.0,7545000.0,7410000.0,7503000.0,1538783997175,29024391002.34309,3891.95335424,7481000.0,22000.0,0.0029407833
KRW-BTC,2018-10-06,2018-10-06T09:00:00,7502000.0,7509000.0,7438000.0,7485000.0,1538870390792,16410447472.91659,2194.14874573,7503000.0,-18000.0,-0.0023990404
KRW-BTC,2018-10-07,2018-10-07T09:00:00,7484000.0,7513000.0,7424000.0,7482000.0,1538956799221,14211705821.2496,1904.00188064,7485000.0,-3000.0,-0.0004008016
KRW-BTC,2018-10-08,2018-10-08T09:00:00,7483000.0,7589000.0,7461000.0,7542000.0,1539043140000,25492080041.81498,3391.80918903,7482000.0,60000.0,0.0080192462
KRW-BTC,2018-10-09,2018-10-09T09:00:00,7541000.0,7550000.0,7484000.0,7527000.0,1539129598339,16145607713.03003,2147.42528494,7542000.0,-15000.0,-0.0019888624
KRW-BTC,2018-10-10,2018-10-10T09:00:00,7527000.0,7530000.0,7380000.0,7472000.0,1539216000294,32880503263.60822,4412.34394843,7527000.0,-55000.0,-0.007307028
KRW-BTC,2018-10-11,2018-10-11T09:00:00,7472000.0,7480000.0,7150000.0,7187000.0,1539302399091,54997705332.46352,7579.91610222,7472000.0,-285000.0,-0.0381423983
KRW-BTC,2018-10-12,2018-10-12T09:00:00,7195000.0,7300000.0,7155000.0,7183000.0,1539388740000,34953411427.05833,4836.81145319,7187000.0,-4000.0,-0.0005565605
KRW-BTC,2018-10-13,2018-10-13T09:00:00,7180000.0,7211000.0,7159000.0,7189000.0,1539475140000,13298596555.8646,1850.50448252,7183000.0,6000.0,0.0008353056
KRW-BTC,2018-10-14,2018-10-14T09:00:00,7190000.0,7263000.0,7182000.0,7198000.0,1539561590379,16669464824.60389,2310.3333017,7189000.0,9000.0,0.0012519126
KRW-BTC,2018-10-15,2018-10-15T09:00:00,7200000.0,7905000.0,7165000.0,7413000.0,1539648000304,90107430327.14738,11984.6857021,7198000.0,215000.0,0.0298694082
KRW-BTC,2018-10-16,2018-10-16T09:00:00,7416000.0,7465000.0,7312000.0,7352000.0,1539734399000,24763329152.45943,3356.42495081,7413000.0,-61000.0,-0.0082287873
KRW-BTC,2018-10-17,2018-10-17T09:00:00,7352000.0,7380000.0,7280000.0,7327000.0,1539820799922,21967509196.6327,2999.20011723,7352000.0,-25000.0,-0.0034004353
KRW-BTC,2018-10-18,2018-10-18T09:00:00,7327000.0,7390000.0,7311000.0,7343000.0,1539907198495,19859287539.32475,2703.41651159,7327000.0,16000.0,0.0021837041
KRW-BTC,2018-10-19,2018-10-19T09:00:00,7343000.0,7364000.0,7281000.0,7291000.0,1539993599314,20483702337.38526,2800.77612068,7343000.0,-52000.0,-0.0070815743
KRW-BTC,2018-10-20,2018-10-20T09:00:00,7291000.0,7317000.0,7265000.0,7302000.0,1540079998207,14358799866.93087,1970.0429939,7291000.0,11000.0,0.0015087094
KRW-BTC,2018-10-21,2018-10-21T09:00:00,7302000.0,7350000.0,7297000.0,7311000.0,1540166388634,13434970475.60574,1836.45337649,7302000.0,9000.0,0.001232539
KRW-BTC,2018-10-22,2018-10-22T09:00:00,7310000.0,7322000.0,7271000.0,7297000.0,1540252795506,21562049643.55865,2953.97307214,7311000.0,-14000.0,-0.0019149227
KRW-BTC,2018-10-23,2018-10-23T09:00:00,7297000.0,7318000.0,7251000.0,7270000.0,1540339199920,21946880516.14418,3011.57930571,7297000.0,-27000.0,-0.0037001507
KRW-BTC,2018-10-24,2018-10-24T09:00:00,7270000.0,7323000.0,7261000.0,7296000.0,1540425598404,26251383586.77942,3597.70170567,7270000.0,26000.0,0.0035763411
KRW-BTC,2018-10-25,2018-10-25T09:00:00,7296000.0,7300000.0,7229000.0,7272000.0,1540511997431,21305653482.14609,2934.43637646,7296000.0,-24000.0,-0.0032894737
KRW-BTC,2018-10-26,2018-10-26T09:00:00,7272000.0,7309000.0,7241000.0,7276000.0,1540598399042,17476211741.25722,2404.52146255,7272000.0,4000.0,0.000550055
KRW-BTC,2018-10-27,2018-10-27T09:00:00,7276000.0,7291000.0,7250000.0,7284000.0,1540684799823,11870598183.71014,1632.07550396,7276000.0,8000.0,0.0010995052
KRW-BTC,2018-10-28,2018-10-28T09:00:00,7284000.0,7290000.0,7241000.0,7258000.0,1540771184215,9933433252.79119,1367.83748212,7284000.0,-26000.0,-0.0035694673
KRW-BTC,2018-10-29,2018-10-29T09:00:00,7259000.0,7264000.0,7057000.0,7097000.0,1540857598159,26967898391.85129,3760.90731634,7258000.0,-161000.0,-0.0221824194
KRW-BTC,2018-10-30,2018-10-30T09:00:00,7097000.0,7162000.0,7094000.0,7140000.0,1540943985976,16632386526.8971,2329.37978247,7097000.0,43000.0,0.0060588981
KRW-BTC,2018-10-31,2018-10-31T09:00:00,7139000.0,7200000.0,7062000.0,7162000.0,1541030395761,20818160095.02155,2918.68446747,7140000.0,22000.0,0.0030812325
KRW-BTC,2018-11-01,2018-11-01T09:00:00,7162000.0,7200000.0,7141000.0,7186000.0,1541116800112,13757575371.45541,1920.59318498,7162000.0,24000.0,0.0033510193
KRW-BTC,2018-11-02,2018-11-02T09:00:00,7186000.0,7221000.0,7161000.0,7179000.0,1541203200035,19075966861.85672,2653.27837824,7186000.0,-7000.0,-0.0009741163
KRW-BTC,2018-11-03,2018-11-03T09:00:00,7179000.0,7185000.0,7100000.0,7150000.0,1541289592524,11320699649.12161,1584.16259136,7179000.0,-29000.0,-0.0040395598
KRW-BTC,2018-11-04,2018-11-04T09:00:00,7145000.0,7270000.0,7125000.0,7213000.0,1541375988821,19852502555.39935,2763.64095353,7150000.0,63000.0,0.0088111888
KRW-BTC,2018-11-05,2018-11-05T09:00:00,7214000.0,7246000.0,7187000.0,7198000.0,1541462398583,20074802894.18236,2781.27420558,7213000.0,-15000.0,-0.0020795785
KRW-BTC,2018-11-06,2018-11-06T09:00:00,7198000.0,7256000.0,7186000.0,7231000.0,1541548799004,25372867294.3267,3516.59860154,7198000.0,33000.0,0.0045846068
KRW-BTC,2018-11-07,2018-11-07T09:00:00,7237000.0,7348000.0,7219000.0,7310000.0,1541635199241,29774252935.91645,4075.20654325,7231000.0,79000.0,0.0109251832
KRW-BTC,2018-11-08,2018-11-08T09:00:00,7312000.0,7342000.0,7245000.0,7282000.0,1541721594642,24173143921.94452,3316.39523463,7310000.0,-28000.0,-0.0038303694
KRW-BTC,2018-11-09,2018-11-09T09:00:00,7282000.0,7307000.0,7203000.0,7243000.0,1541807996890,22810221463.54516,3141.94399954,7282000.0,-39000.0,-0.0053556715
KRW-BTC,2018-11-10,2018-11-10T09:00:00,7243000.0,7275000.0,7228000.0,7237000.0,1541894363926,11871056469.039,1636.97140048,7243000.0,-6000.0,-0.000828386
KRW-BTC,2018-11-11,2018-11-11T09:00:00,7237000.0,7260000.0,7180000.0,7253000.0,1541980796644,13153925980.66303,1818.84842381,7237000.0,16000.0,0.0022108609
KRW-BTC,2018-11-12,2018-11-12T09:00:00,7253000.0,7284000.0,7234000.0,7249000.0,1542067197238,18145683552.6984,2501.92493132,7253000.0,-4000.0,-0.0005514959
KRW-BTC,2018-11-13,2018-11-13T09:00:00,7249000.0,7270000.0,7203000.0,7248000.0,1542153599418,21358444564.34167,2949.09619474,7249000.0,-1000.0,-0.0001379501
KRW-BTC,2018-11-14,2018-11-14T09:00:00,7248000.0,7270000.0,6514000.0,6782000.0,1542239999724,64821926065.1521,9333.25109232,7248000.0,-466000.0,-0.0642935982
KRW-BTC,2018-11-15,2018-11-15T09:00:00,6782000.0,6811000.0,6253000.0,6529000.0,1542326399390,60814427908.219,9344.82551128,6782000.0,-253000.0,-0.0373046299
KRW-BTC,2018-11-16,2018-11-16T09:00:00,6529000.0,6580000.0,6350000.0,6425000.0,1542412788110,31772507435.98348,4920.30398166,6529000.0,-104000.0,-0.0159289325
KRW-BTC,2018-11-17,2018-11-17T09:00:00,6426000.0,6452000.0,6344000.0,6385000.0,1542499196773,18237270244.63476,2858.37777974,6425000.0,-40000.0,-0.0062256809
KRW-BTC,2018-11-18,2018-11-18T09:00:00,6383000.0,6494000.0,6363000.0,6431000.0,1542585594369,14958107586.57964,2331.37096303,6385000.0,46000.0,0.0072043853
KRW-BTC,2018-11-19,2018-11-19T09:00:00,6431000.0,6436000.0,5563000.0,5618000.0,1542672000313,60747307730.39638,10146.07679702,6431000.0,-813000.0,-0.1264189084
KRW-BTC,2018-11-20,2018-11-20T09:00:00,5618000.0,5762000.0,4935000.0,5177000.0,1542758399221,95754967134.07922,17978.21071906,5618000.0,-441000.0,-0.078497686
KRW-BTC,2018-11-21,2018-11-21T09:00:00,5177000.0,5414000.0,5016000.0,5274000.0,1542844710691,44497249129.77502,8532.49327465,5177000.0,97000.0,0.0187367201
KRW-BTC,2018-11-22,2018-11-22T09:00:00,5274000.0,5361000.0,4950000.0,4965000.0,1542931200082,25948518440.63089,5004.26901548,5274000.0,-309000.0,-0.058589306
KRW-BTC,2018-11-23,2018-11-23T09:00:00,4965000.0,5071000.0,4782000.0,5013000.0,1543017597649,45285118699.70518,9163.96074326,4965000.0,48000.0,0.0096676737
KRW-BTC,2018-11-24,2018-11-24T09:00:00,5013000.0,5112000.0,4411000.0,4492000.0,1543103999117,42650526651.76355,8851.92005334,5013000.0,-521000.0,-0.1039297826
KRW-BTC,2018-11-25,2018-11-25T09:00:00,4492000.0,4766000.0,4126000.0,4616000.0,1543190399519,65554014148.7015,14846.61807208,4492000.0,124000.0,0.0276046305
KRW-BTC,2018-11-26,2018-11-26T09:00:00,4616000.0,4747000.0,4177000.0,4371000.0,1543276798742,65903686544.80377,14659.13232924,4616000.0,-245000.0,-0.0530762565
KRW-BTC,2018-11-27,2018-11-27T09:00:00,4365000.0,4458000.0,4162000.0,4380000.0,1543363200139,43205370531.18933,10023.86956673,4371000.0,9000.0,0.0020590254
KRW-BTC,2018-11-28,2018-11-28T09:00:00,4380000.0,4932000.0,4369000.0,4800000.0,1543449597404,70403454469.41722,15135.99871579,4380000.0,420000.0,0.095890411
KRW-BTC,2018-11-29,2018-11-29T09:00:00,4795000.0,5030000.0,4661000.0,4840000.0,1543536000022,65577051421.08243,13588.75645203,4800000.0,40000.0,0.0083333333
KRW-BTC,2018-11-30,2018-11-30T09:00:00,4841000.0,4888000.0,4440000.0,4565000.0,1543622399999,53038246796.24296,11389.14325328,4840000.0,-275000.0,-0.0568181818
KRW-BTC,2018-12-01,2018-12-01T09:00:00,4565000.0,4834000.0,4476000.0,4721000.0,1543708798263,32588352828.91493,6990.42801181,4565000.0,156000.0,0.0341730559
KRW-BTC,2018-12-02,2018-12-02T09:00:00,4720000.0,4852000.0,4614000.0,4685000.0,1543795197901,32924426895.48919,6984.37158641,4721000.0,-36000.0,-0.0076255031
KRW-BTC,2018-12-03,2018-12-03T09:00:00,4699000.0,4728000.0,4330000.0,4387000.0,1543881598557,40003959996.6923,8886.50699993,4685000.0,-298000.0,-0.0636072572
KRW-BTC,2018-12-04,2018-12-04T09:00:00,4393000.0,4592000.0,4280000.0,4457000.0,1543967998403,43474749999.14644,9755.04505869,4387000.0,70000.0,0.0159562343
KRW-BTC,2018-12-05,2018-12-05T09:00:00,4456000.0,4472000.0,4232000.0,4262000.0,1544054399122,36235565227.07808,8325.80342723,4457000.0,-195000.0,-0.0437514023
KRW-BTC,2018-12-06,2018-12-06T09:00:00,4262000.0,4391000.0,3950000.0,3965000.0,1544140799358,59748180327.29378,14125.61843122,4262000.0,-297000.0,-0.0696855936
KRW-BTC,2018-12-07,2018-12-07T09:00:00,3962000.0,4005000.0,3666000.0,3868000.0,1544227196148,59708370844.57996,15549.85391268,3965000.0,-97000.0,-0.0244640605
KRW-BTC,2018-12-08,2018-12-08T09:00:00,3868000.0,3953000.0,3714000.0,3875000.0,1544313594259,29612071269.05155,7681.09933383,3868000.0,7000.0,0.0018097208
KRW-BTC,2018-12-09,2018-12-09T09:00:00,3877000.0,4120000.0,3832000.0,4013000.0,1544399999851,25604546302.7552,6483.95165173,3875000.0,138000.0,0.0356129032
KRW-BTC,2018-12-10,2018-12-10T09:00:00,4013000.0,4075000.0,3838000.0,3895000.0,1544486394403,23883074170.01762,6046.32716932,4013000.0,-118000.0,-0.0294044356
KRW-BTC,2018-12-11,2018-12-11T09:00:00,3893000.0,3924000.0,3764000.0,3822000.0,1544572799695,25692198381.7646,6669.04649885,3895000.0,-73000.0,-0.0187419769
KRW-BTC,2018-12-12,2018-12-12T09:00:00,3822000.0,3929000.0,3792000.0,3888000.0,1544659199447,21805254970.16061,5659.62569846,3822000.0,66000.0,0.0172684458
KRW-BTC,2018-12-13,2018-12-13T09:00:00,3889000.0,3900000.0,3693000.0,3721000.0,1544745592303,20265170914.68919,5314.52909104,3888000.0,-167000.0,-0.0429526749
KRW-BTC,2018-12-14,2018-12-14T09:00:00,3721000.0,3777000.0,3595000.0,3642000.0,1544831987350,21793982877.2374,5889.21194184,3721000.0,-79000.0,-0.0212308519
KRW-BTC,2018-12-15,2018-12-15T09:00:00,3641000.0,3685000.0,3562000.0,3619000.0,1544918398079,14632832607.60874,4034.72846031,3642000.0,-23000.0,-0.0063152114
KRW-BTC,2018-12-16,2018-12-16T09:00:00,3620000.0,3700000.0,3612000.0,3637000.0,1545004799812,12974785983.73166,3542.84499551,3619000.0,18000.0,0.0049737497
KRW-BTC,2018-12-17,2018-12-17T09:00:00,3636000.0,3973000.0,3625000.0,3923000.0,1545091192107,34536634668.69621,9103.62714974,3637000.0,286000.0,0.0786362387
KRW-BTC,2018-12-18,2018-12-18T09:00:00,3921000.0,4110000.0,3848000.0,4088000.0,1545177599320,30304504784.57611,7666.87337544,3923000.0,165000.0,0.0420596482
KRW-BTC,2018-12-19,2018-12-19T09:00:00,4092000.0,4400000.0,4054000.0,4124000.0,1545263999267,51926147648.98292,12333.94328952,4088000.0,36000.0,0.0088062622
KRW-BTC,2018-12-20,2018-12-20T09:00:00,4127000.0,4637000.0,4090000.0,4552000.0,1545350399913,72750405678.29314,16481.71245495,4124000.0,428000.0,0.1037827352
KRW-BTC,2018-12-21,2018-12-21T09:00:00,4552000.0,4733000.0,4243000.0,4333000.0,1545436800094,75652109472.71754,16822.18191833,4552000.0,-219000.0,-0.0481107206
KRW-BTC,2018-12-22,2018-12-22T09:00:00,4333000.0,4494000.0,4272000.0,4464000.0,1545523198226,30486695427.30693,7007.24216643,4333000.0,131000.0,0.0302330949
KRW-BTC,2018-12-23,2018-12-23T09:00:00,4465000.0,4549000.0,4369000.0,4439000.0,1545609599920,33389627461.62296,7458.50412788,4464000.0,-25000.0,-0.0056003584
KRW-BTC,2018-12-24,2018-12-24T09:00:00,4436000.0,4700000.0,4425000.0,4539000.0,1545695995050,50759889673.59508,11018.72955822,4439000.0,100000.0,0.0225275963
KRW-BTC,2018-12-25,2018-12-25T09:00:00,4537000.0,4553000.0,4138000.0,4243000.0,1545782399307,36742695644.63038,8603.02466497,4539000.0,-296000.0,-0.0652126019
KRW-BTC,2018-12-26,2018-12-26T09:00:00,4243000.0,4349000.0,4157000.0,4293000.0,1545868793176,33844677004.27892,7965.54551542,4243000.0,50000.0,0.011784115
KRW-BTC,2018-12-27,2018-12-27T09:00:00,4292000.0,4334000.0,4062000.0,4124000.0,1545955192787,26872111965.80108,6387.12492085,4293000.0,-169000.0,-0.0393664104
KRW-BTC,2018-12-28,2018-12-28T09:00:00,4127000.0,4380000.0,4043000.0,4338000.0,1546041596250,37782469290.68442,9044.90073346,4124000.0,214000.0,0.0518913676
KRW-BTC,2018-12-29,2018-12-29T09:00:00,4338000.0,4388000.0,4166000.0,4200000.0,1546127999742,22620577738.75656,5249.20699964,4338000.0,-138000.0,-0.0318118949
KRW-BTC,2018-12-30,2018-12-30T09:00:00,4190000.0,4335000.0,4153000.0,4291000.0,1546214399341,20494140204.29936,4820.06273912,4200000.0,91000.0,0.0216666667
KRW-BTC,2018-12-31,2018-12-31T09:00:00,4294000.0,4322000.0,4129000.0,4200000.0,1546300740000,18279938719.71038,4319.65438521,4291000.0,-91000.0,-0.0212071778
